core,op,workload,rep,name,value
go,amberignore.descend,8-subdirs,0,go.heap_alloc_bytes,601288
go,amberignore.descend,8-subdirs,0,go.mallocs,8963
go,amberignore.ignored,mixed-names,0,go.heap_alloc_bytes,16384
go,amberignore.ignored,mixed-names,0,go.mallocs,1024
go,amberignore.ignored,nil-matcher,0,go.heap_alloc_bytes,0
go,amberignore.ignored,nil-matcher,0,go.mallocs,0
go,amberignore.root,load-root,0,go.heap_alloc_bytes,119808
go,amberignore.root,load-root,0,go.mallocs,1664
go,amberpack.decode_payload,mixed-records/producer-go,0,go.heap_alloc_bytes,2354120
go,amberpack.decode_payload,mixed-records/producer-go,0,go.mallocs,115
go,amberpack.decode_payload,mixed-records/producer-rust,0,go.heap_alloc_bytes,2177768
go,amberpack.decode_payload,mixed-records/producer-rust,0,go.mallocs,75
go,amberpack.encode_record,1MiB-duplicate,0,go.heap_alloc_bytes,6848512
go,amberpack.encode_record,1MiB-duplicate,0,go.mallocs,6
go,amberpack.encode_record,1MiB-random,0,go.heap_alloc_bytes,3424256
go,amberpack.encode_record,1MiB-random,0,go.mallocs,3
go,amberpack.encode_record,1MiB-text,0,go.heap_alloc_bytes,1253376
go,amberpack.encode_record,1MiB-text,0,go.mallocs,2
go,amberpack.encode_record,4KiB-duplicate,0,go.heap_alloc_bytes,3670016
go,amberpack.encode_record,4KiB-duplicate,0,go.mallocs,768
go,amberpack.encode_record,4KiB-random,0,go.heap_alloc_bytes,3670016
go,amberpack.encode_record,4KiB-random,0,go.mallocs,768
go,amberpack.encode_record,4KiB-text,0,go.heap_alloc_bytes,1376256
go,amberpack.encode_record,4KiB-text,0,go.mallocs,512
go,amberpack.encode_record,empty,0,go.heap_alloc_bytes,38400
go,amberpack.encode_record,empty,0,go.mallocs,800
go,amberpack.encode_record,large-8MiB-duplicate,0,go.heap_alloc_bytes,54558720
go,amberpack.encode_record,large-8MiB-duplicate,0,go.mallocs,6
go,amberpack.encode_record,large-8MiB-random,0,go.heap_alloc_bytes,27279360
go,amberpack.encode_record,large-8MiB-random,0,go.mallocs,3
go,amberpack.encode_record,large-8MiB-text,0,go.heap_alloc_bytes,10002432
go,amberpack.encode_record,large-8MiB-text,0,go.mallocs,2
go,amberpack.encode_record,tiny-64B-duplicate,0,go.heap_alloc_bytes,4980736
go,amberpack.encode_record,tiny-64B-duplicate,0,go.mallocs,49152
go,amberpack.encode_record,tiny-64B-random,0,go.heap_alloc_bytes,4980736
go,amberpack.encode_record,tiny-64B-random,0,go.mallocs,49152
go,amberpack.encode_record,tiny-64B-text,0,go.heap_alloc_bytes,4945136
go,amberpack.encode_record,tiny-64B-text,0,go.mallocs,48874
go,amberpack.parse_record,corrupt-crc/producer-go,0,go.heap_alloc_bytes,26056
go,amberpack.parse_record,corrupt-crc/producer-go,0,go.mallocs,518
go,amberpack.parse_record,corrupt-crc/producer-rust,0,go.heap_alloc_bytes,26056
go,amberpack.parse_record,corrupt-crc/producer-rust,0,go.mallocs,518
go,amberpack.parse_record,mixed-records/producer-go,0,go.heap_alloc_bytes,0
go,amberpack.parse_record,mixed-records/producer-go,0,go.mallocs,0
go,amberpack.parse_record,mixed-records/producer-rust,0,go.heap_alloc_bytes,0
go,amberpack.parse_record,mixed-records/producer-rust,0,go.mallocs,0
go,amberpack.reader_all,mixed-objects/producer-go,0,go.heap_alloc_bytes,3607160
go,amberpack.reader_all,mixed-objects/producer-go,0,go.mallocs,203
go,amberpack.reader_all,mixed-objects/producer-rust,0,go.heap_alloc_bytes,3611544
go,amberpack.reader_all,mixed-objects/producer-rust,0,go.mallocs,208
go,amberpack.reader_all,truncated-stream/producer-go,0,go.heap_alloc_bytes,115536424
go,amberpack.reader_all,truncated-stream/producer-go,0,go.mallocs,6733
go,amberpack.reader_all,truncated-stream/producer-rust,0,go.heap_alloc_bytes,115540888
go,amberpack.reader_all,truncated-stream/producer-rust,0,go.mallocs,6739
go,amberpack.reader_records,mixed-objects/producer-go,0,go.heap_alloc_bytes,1433760
go,amberpack.reader_records,mixed-objects/producer-go,0,go.mallocs,132
go,amberpack.reader_records,mixed-objects/producer-rust,0,go.heap_alloc_bytes,1433760
go,amberpack.reader_records,mixed-objects/producer-rust,0,go.mallocs,132
go,amberpack.writer_add,mixed-objects,0,go.heap_alloc_bytes,5057552
go,amberpack.writer_add,mixed-objects,0,go.mallocs,162
go,amberpack.writer_add_record,pre-encoded-records/producer-go,0,go.heap_alloc_bytes,4112
go,amberpack.writer_add_record,pre-encoded-records/producer-go,0,go.mallocs,2
go,amberpack.writer_add_record,pre-encoded-records/producer-rust,0,go.heap_alloc_bytes,4112
go,amberpack.writer_add_record,pre-encoded-records/producer-rust,0,go.mallocs,2
go,cbor.decode_xattrs,xattrs-3,0,go.heap_alloc_bytes,36352
go,cbor.decode_xattrs,xattrs-3,0,go.mallocs,768
go,cbor.decode_xattrs,xattrs-64,0,go.heap_alloc_bytes,816640
go,cbor.decode_xattrs,xattrs-64,0,go.mallocs,12608
go,cbor.encode_xattrs,xattrs-3,0,go.heap_alloc_bytes,26096
go,cbor.encode_xattrs,xattrs-3,0,go.mallocs,1172
go,cbor.encode_xattrs,xattrs-64,0,go.heap_alloc_bytes,2829440
go,cbor.encode_xattrs,xattrs-64,0,go.mallocs,98408
go,chunkers.item_chunker,is_boundary/bits-7,0,go.heap_alloc_bytes,0
go,chunkers.item_chunker,is_boundary/bits-7,0,go.mallocs,0
go,chunkers.new_item_chunker,bits-4..12,0,go.heap_alloc_bytes,0
go,chunkers.new_item_chunker,bits-4..12,0,go.mallocs,0
go,chunkers.split_bytes,compressible/4-16-64KiB,0,go.heap_alloc_bytes,4325664
go,chunkers.split_bytes,compressible/4-16-64KiB,0,go.mallocs,70
go,chunkers.split_bytes,compressible/default-sizes,0,go.heap_alloc_bytes,6291744
go,chunkers.split_bytes,compressible/default-sizes,0,go.mallocs,10
go,chunkers.split_bytes,random/default-sizes,0,go.heap_alloc_bytes,6515616
go,chunkers.split_bytes,random/default-sizes,0,go.mallocs,60
go,chunkers.split_bytes,tiny-64KiB/default-sizes,0,go.heap_alloc_bytes,2162976
go,chunkers.split_bytes,tiny-64KiB/default-sizes,0,go.mallocs,7
go,fstree.check_complete,incomplete/jobs-1,0,go.heap_alloc_bytes,12496
go,fstree.check_complete,incomplete/jobs-1,0,go.mallocs,98
go,fstree.check_complete,widest/jobs-1,0,go.heap_alloc_bytes,36575656
go,fstree.check_complete,widest/jobs-1,0,go.mallocs,164019
go,fstree.check_complete,widest/jobs-N,0,go.heap_alloc_bytes,36579976
go,fstree.check_complete,widest/jobs-N,0,go.mallocs,164028
go,fstree.check_complete,width-16/jobs-1,0,go.heap_alloc_bytes,12456
go,fstree.check_complete,width-16/jobs-1,0,go.mallocs,96
go,fstree.check_complete,width-256/jobs-1,0,go.heap_alloc_bytes,207224
go,fstree.check_complete,width-256/jobs-1,0,go.mallocs,1103
go,fstree.check_complete,width-40000/jobs-1,0,go.heap_alloc_bytes,36575656
go,fstree.check_complete,width-40000/jobs-1,0,go.mallocs,164019
go,fstree.check_complete,width-4096/jobs-1,0,go.heap_alloc_bytes,3597088
go,fstree.check_complete,width-4096/jobs-1,0,go.mallocs,16846
go,fstree.child_keys,dir-leaf-128,0,go.heap_alloc_bytes,2571312
go,fstree.child_keys,dir-leaf-128,0,go.mallocs,18049
go,fstree.child_keys,dir-node-128,0,go.heap_alloc_bytes,1076224
go,fstree.child_keys,dir-node-128,0,go.mallocs,16640
go,fstree.child_keys,file-node-1024,0,go.heap_alloc_bytes,5942272
go,fstree.child_keys,file-node-1024,0,go.mallocs,65792
go,fstree.collect_entries,width-16,0,go.heap_alloc_bytes,9792
go,fstree.collect_entries,width-16,0,go.mallocs,40
go,fstree.collect_entries,width-256,0,go.heap_alloc_bytes,156384
go,fstree.collect_entries,width-256,0,go.mallocs,534
go,fstree.collect_entries,width-40000,0,go.heap_alloc_bytes,42204320
go,fstree.collect_entries,width-40000,0,go.mallocs,81308
go,fstree.collect_entries,width-4096,0,go.heap_alloc_bytes,3820704
go,fstree.collect_entries,width-4096,0,go.mallocs,8336
go,fstree.decode_dir_leaf,entries-1024,0,go.heap_alloc_bytes,14683136
go,fstree.decode_dir_leaf,entries-1024,0,go.mallocs,131264
go,fstree.decode_dir_leaf,entries-128,0,go.heap_alloc_bytes,1969152
go,fstree.decode_dir_leaf,entries-128,0,go.mallocs,16576
go,fstree.decode_dir_leaf,entries-128-partial-change,0,go.heap_alloc_bytes,2051072
go,fstree.decode_dir_leaf,entries-128-partial-change,0,go.mallocs,17600
go,fstree.decode_dir_leaf,entries-128-with-xattrs,0,go.heap_alloc_bytes,2051072
go,fstree.decode_dir_leaf,entries-128-with-xattrs,0,go.mallocs,17600
go,fstree.decode_dir_leaf,entries-8,0,go.heap_alloc_bytes,125952
go,fstree.decode_dir_leaf,entries-8,0,go.mallocs,1216
go,fstree.decode_dir_node,pairs-1024,0,go.heap_alloc_bytes,6294528
go,fstree.decode_dir_node,pairs-1024,0,go.mallocs,131264
go,fstree.decode_dir_node,pairs-128,0,go.heap_alloc_bytes,814080
go,fstree.decode_dir_node,pairs-128,0,go.mallocs,16576
go,fstree.decode_dir_node,pairs-8,0,go.heap_alloc_bytes,52224
go,fstree.decode_dir_node,pairs-8,0,go.mallocs,1216
go,fstree.decode_file_node,children-1024,0,go.heap_alloc_bytes,5942272
go,fstree.decode_file_node,children-1024,0,go.mallocs,65792
go,fstree.decode_file_node,children-128,0,go.heap_alloc_bytes,732160
go,fstree.decode_file_node,children-128,0,go.mallocs,8448
go,fstree.decode_file_node,children-65536,0,go.heap_alloc_bytes,369101824
go,fstree.decode_file_node,children-65536,0,go.mallocs,4194560
go,fstree.decode_file_node,children-8,0,go.heap_alloc_bytes,48128
go,fstree.decode_file_node,children-8,0,go.mallocs,768
go,fstree.dir_builder,entries-16,0,go.heap_alloc_bytes,16880
go,fstree.dir_builder,entries-16,0,go.mallocs,56
go,fstree.dir_builder,entries-256,0,go.heap_alloc_bytes,263704
go,fstree.dir_builder,entries-256,0,go.mallocs,567
go,fstree.dir_builder,entries-40000,0,go.heap_alloc_bytes,32885040
go,fstree.dir_builder,entries-40000,0,go.mallocs,83454
go,fstree.dir_builder,entries-4096,0,go.heap_alloc_bytes,3488128
go,fstree.dir_builder,entries-4096,0,go.mallocs,8540
go,fstree.encode_blob,1MiB-duplicate,0,go.heap_alloc_bytes,0
go,fstree.encode_blob,1MiB-duplicate,0,go.mallocs,0
go,fstree.encode_blob,1MiB-random,0,go.heap_alloc_bytes,0
go,fstree.encode_blob,1MiB-random,0,go.mallocs,0
go,fstree.encode_blob,1MiB-text,0,go.heap_alloc_bytes,0
go,fstree.encode_blob,1MiB-text,0,go.mallocs,0
go,fstree.encode_blob,4KiB-duplicate,0,go.heap_alloc_bytes,0
go,fstree.encode_blob,4KiB-duplicate,0,go.mallocs,0
go,fstree.encode_blob,4KiB-random,0,go.heap_alloc_bytes,0
go,fstree.encode_blob,4KiB-random,0,go.mallocs,0
go,fstree.encode_blob,4KiB-text,0,go.heap_alloc_bytes,0
go,fstree.encode_blob,4KiB-text,0,go.mallocs,0
go,fstree.encode_blob,empty,0,go.heap_alloc_bytes,0
go,fstree.encode_blob,empty,0,go.mallocs,0
go,fstree.encode_blob,large-8MiB-duplicate,0,go.heap_alloc_bytes,0
go,fstree.encode_blob,large-8MiB-duplicate,0,go.mallocs,0
go,fstree.encode_blob,large-8MiB-random,0,go.heap_alloc_bytes,0
go,fstree.encode_blob,large-8MiB-random,0,go.mallocs,0
go,fstree.encode_blob,large-8MiB-text,0,go.heap_alloc_bytes,0
go,fstree.encode_blob,large-8MiB-text,0,go.mallocs,0
go,fstree.encode_blob,tiny-64B-duplicate,0,go.heap_alloc_bytes,0
go,fstree.encode_blob,tiny-64B-duplicate,0,go.mallocs,0
go,fstree.encode_blob,tiny-64B-random,0,go.heap_alloc_bytes,0
go,fstree.encode_blob,tiny-64B-random,0,go.mallocs,0
go,fstree.encode_blob,tiny-64B-text,0,go.heap_alloc_bytes,0
go,fstree.encode_blob,tiny-64B-text,0,go.mallocs,0
go,fstree.encode_dir_leaf,entries-1024,0,go.heap_alloc_bytes,5507704
go,fstree.encode_dir_leaf,entries-1024,0,go.mallocs,143
go,fstree.encode_dir_leaf,entries-128,0,go.heap_alloc_bytes,658040
go,fstree.encode_dir_leaf,entries-128,0,go.mallocs,140
go,fstree.encode_dir_leaf,entries-128-partial-change,0,go.heap_alloc_bytes,756392
go,fstree.encode_dir_leaf,entries-128-partial-change,0,go.mallocs,1165
go,fstree.encode_dir_leaf,entries-128-with-xattrs,0,go.heap_alloc_bytes,756344
go,fstree.encode_dir_leaf,entries-128-with-xattrs,0,go.mallocs,1164
go,fstree.encode_dir_leaf,entries-8,0,go.heap_alloc_bytes,45688
go,fstree.encode_dir_leaf,entries-8,0,go.mallocs,136
go,fstree.encode_dir_node,pairs-1024,0,go.heap_alloc_bytes,3803768
go,fstree.encode_dir_node,pairs-1024,0,go.mallocs,142
go,fstree.encode_dir_node,pairs-128,0,go.heap_alloc_bytes,436856
go,fstree.encode_dir_node,pairs-128,0,go.mallocs,139
go,fstree.encode_dir_node,pairs-8,0,go.heap_alloc_bytes,30328
go,fstree.encode_dir_node,pairs-8,0,go.mallocs,135
go,fstree.encode_file_node,children-1024,0,go.heap_alloc_bytes,6596232
go,fstree.encode_file_node,children-1024,0,go.mallocs,65737
go,fstree.encode_file_node,children-128,0,go.heap_alloc_bytes,797304
go,fstree.encode_file_node,children-128,0,go.mallocs,8395
go,fstree.encode_file_node,children-65536,0,go.heap_alloc_bytes,394793848
go,fstree.encode_file_node,children-65536,0,go.mallocs,4194538
go,fstree.encode_file_node,children-8,0,go.heap_alloc_bytes,50808
go,fstree.encode_file_node,children-8,0,go.mallocs,711
go,fstree.encode_xattr_set,xattrs-64,0,go.heap_alloc_bytes,2813312
go,fstree.encode_xattr_set,xattrs-64,0,go.mallocs,97400
go,fstree.index_builder_file,children-1024,0,go.heap_alloc_bytes,261712
go,fstree.index_builder_file,children-1024,0,go.mallocs,2170
go,fstree.index_builder_file,children-128,0,go.heap_alloc_bytes,38296
go,fstree.index_builder_file,children-128,0,go.mallocs,304
go,fstree.index_builder_file,children-65536,0,go.heap_alloc_bytes,14238536
go,fstree.index_builder_file,children-65536,0,go.mallocs,137225
go,fstree.index_builder_file,children-8,0,go.heap_alloc_bytes,3880
go,fstree.index_builder_file,children-8,0,go.mallocs,36
go,fstree.list_entries,widest/first-page-100,0,go.heap_alloc_bytes,9703424
go,fstree.list_entries,widest/first-page-100,0,go.mallocs,72320
go,fstree.list_entries,width-16/full-paging-100,0,go.heap_alloc_bytes,9792
go,fstree.list_entries,width-16/full-paging-100,0,go.mallocs,40
go,fstree.list_entries,width-256/full-paging-100,0,go.heap_alloc_bytes,239040
go,fstree.list_entries,width-256/full-paging-100,0,go.mallocs,1080
go,fstree.list_entries,width-40000/full-paging-100,0,go.heap_alloc_bytes,59303408
go,fstree.list_entries,width-40000/full-paging-100,0,go.mallocs,428472
go,fstree.list_entries,width-4096/full-paging-100,0,go.heap_alloc_bytes,5467520
go,fstree.list_entries,width-4096/full-paging-100,0,go.mallocs,31676
go,fstree.lookup_entry,width-16/hit,0,go.heap_alloc_bytes,777600
go,fstree.lookup_entry,width-16/hit,0,go.mallocs,7000
go,fstree.lookup_entry,width-16/miss,0,go.heap_alloc_bytes,799936
go,fstree.lookup_entry,width-16/miss,0,go.mallocs,7608
go,fstree.lookup_entry,width-256/hit,0,go.heap_alloc_bytes,6093888
go,fstree.lookup_entry,width-256/hit,0,go.mallocs,55384
go,fstree.lookup_entry,width-256/miss,0,go.heap_alloc_bytes,70304
go,fstree.lookup_entry,width-256/miss,0,go.mallocs,2008
go,fstree.lookup_entry,width-40000/hit,0,go.heap_alloc_bytes,15501184
go,fstree.lookup_entry,width-40000/hit,0,go.mallocs,175128
go,fstree.lookup_entry,width-40000/miss,0,go.heap_alloc_bytes,70256
go,fstree.lookup_entry,width-40000/miss,0,go.mallocs,2007
go,fstree.lookup_entry,width-4096/hit,0,go.heap_alloc_bytes,12861552
go,fstree.lookup_entry,width-4096/hit,0,go.mallocs,118410
go,fstree.lookup_entry,width-4096/miss,0,go.heap_alloc_bytes,527856
go,fstree.lookup_entry,width-4096/miss,0,go.mallocs,11207
go,fstree.reachable_keys,deep,0,go.heap_alloc_bytes,47304
go,fstree.reachable_keys,deep,0,go.mallocs,429
go,fstree.reachable_keys,file-corpus,0,go.heap_alloc_bytes,1664
go,fstree.reachable_keys,file-corpus,0,go.mallocs,23
go,fstree.reachable_keys,width-16,0,go.heap_alloc_bytes,10504
go,fstree.reachable_keys,width-16,0,go.mallocs,63
go,fstree.reachable_keys,width-256,0,go.heap_alloc_bytes,176440
go,fstree.reachable_keys,width-256,0,go.mallocs,590
go,fstree.reachable_keys,width-40000,0,go.heap_alloc_bytes,31771528
go,fstree.reachable_keys,width-40000,0,go.mallocs,84018
go,fstree.reachable_keys,width-4096,0,go.heap_alloc_bytes,3105136
go,fstree.reachable_keys,width-4096,0,go.mallocs,8653
go,fstree.resolve_entry,depth-1,0,go.heap_alloc_bytes,1222656
go,fstree.resolve_entry,depth-1,0,go.mallocs,12032
go,fstree.resolve_entry,depth-12,0,go.heap_alloc_bytes,3141632
go,fstree.resolve_entry,depth-12,0,go.mallocs,37376
go,fstree.resolve_entry,depth-24,0,go.heap_alloc_bytes,5234688
go,fstree.resolve_entry,depth-24,0,go.mallocs,65024
go,fstree.resolve_entry,depth-4,0,go.heap_alloc_bytes,1748992
go,fstree.resolve_entry,depth-4,0,go.mallocs,18944
go,fstree.resolve_path,depth-1,0,go.heap_alloc_bytes,126976
go,fstree.resolve_path,depth-1,0,go.mallocs,2048
go,fstree.resolve_path,depth-12,0,go.heap_alloc_bytes,1523712
go,fstree.resolve_path,depth-12,0,go.mallocs,24576
go,fstree.resolve_path,depth-24,0,go.heap_alloc_bytes,3047424
go,fstree.resolve_path,depth-24,0,go.mallocs,49152
go,fstree.resolve_path,depth-4,0,go.heap_alloc_bytes,507904
go,fstree.resolve_path,depth-4,0,go.mallocs,8192
go,fstree.write_content,file-corpus,0,go.heap_alloc_bytes,416
go,fstree.write_content,file-corpus,0,go.mallocs,9
go,gc.begin_write,gate-span,0,go.heap_alloc_bytes,163840
go,gc.begin_write,gate-span,0,go.mallocs,8192
go,gc.close,idle,0,go.heap_alloc_bytes,0
go,gc.close,idle,0,go.mallocs,0
go,gc.open,populated,0,go.heap_alloc_bytes,10632
go,gc.open,populated,0,go.mallocs,16
go,gc.prepare_ref,missing-root,0,go.heap_alloc_bytes,70488
go,gc.prepare_ref,missing-root,0,go.mallocs,1160
go,gc.prepare_ref,tree-root/abort,0,go.heap_alloc_bytes,317504
go,gc.prepare_ref,tree-root/abort,0,go.mallocs,1895
go,gc.prepare_ref,tree-root/commit,0,go.heap_alloc_bytes,316000
go,gc.prepare_ref,tree-root/commit,0,go.mallocs,1889
go,gc.release_ref,batch,0,go.heap_alloc_bytes,0
go,gc.release_ref,batch,0,go.mallocs,0
go,gc.run,nothing-to-reclaim,0,go.heap_alloc_bytes,200488
go,gc.run,nothing-to-reclaim,0,go.mallocs,1046
go,gc.run,reclaimable-packs,0,go.heap_alloc_bytes,391336
go,gc.run,reclaimable-packs,0,go.mallocs,1220
go,gc.status,mark+score,0,go.heap_alloc_bytes,312432
go,gc.status,mark+score,0,go.mallocs,1155
go,gc.why,live-root,0,go.heap_alloc_bytes,36144
go,gc.why,live-root,0,go.mallocs,103
go,gc.wipe,store-reset,0,go.heap_alloc_bytes,37432
go,gc.wipe,store-reset,0,go.mallocs,98
go,inbox.close,drained,0,go.heap_alloc_bytes,987664
go,inbox.close,drained,0,go.mallocs,200
go,inbox.commit,packs/duplicate,0,go.heap_alloc_bytes,7168
go,inbox.commit,packs/duplicate,0,go.mallocs,56
go,inbox.discard,packs,0,go.heap_alloc_bytes,896
go,inbox.discard,packs,0,go.mallocs,8
go,inbox.drain,packs/new,0,go.heap_alloc_bytes,7678424
go,inbox.drain,packs/new,0,go.mallocs,4276
go,inbox.open,empty,0,go.heap_alloc_bytes,12368
go,inbox.open,empty,0,go.mallocs,42
go,inbox.open,sweeps-staged-tmp-files,0,go.heap_alloc_bytes,14160
go,inbox.open,sweeps-staged-tmp-files,0,go.mallocs,70
go,inbox.stage,packs,0,go.heap_alloc_bytes,96320
go,inbox.stage,packs,0,go.mallocs,144
go,ingest.dir,single-file/jobs-1,0,go.heap_alloc_bytes,3274928
go,ingest.dir,single-file/jobs-1,0,go.mallocs,322
go,ingest.dir,tree/fresh-store/jobs-1,0,go.heap_alloc_bytes,727098464
go,ingest.dir,tree/fresh-store/jobs-1,0,go.mallocs,11533
go,ingest.dir,tree/fresh-store/jobs-N,0,go.heap_alloc_bytes,727165080
go,ingest.dir,tree/fresh-store/jobs-N,0,go.mallocs,11902
go,ingest.dir,tree/incremental-change/jobs-1,0,go.heap_alloc_bytes,727992560
go,ingest.dir,tree/incremental-change/jobs-1,0,go.mallocs,10605
go,ingest.dir,tree/incremental-change/jobs-N,0,go.heap_alloc_bytes,728040832
go,ingest.dir,tree/incremental-change/jobs-N,0,go.mallocs,10914
go,ingest.dir,tree/unchanged-repeat/jobs-1,0,go.heap_alloc_bytes,710953352
go,ingest.dir,tree/unchanged-repeat/jobs-1,0,go.mallocs,10354
go,ingest.dir,tree/unchanged-repeat/jobs-N,0,go.heap_alloc_bytes,711034224
go,ingest.dir,tree/unchanged-repeat/jobs-N,0,go.mallocs,10716
go,ingest.objects,tree/jobs-1,0,go.heap_alloc_bytes,710901216
go,ingest.objects,tree/jobs-1,0,go.mallocs,9882
go,ingest.objects,tree/jobs-N,0,go.heap_alloc_bytes,710923952
go,ingest.objects,tree/jobs-N,0,go.mallocs,10118
go,ingest.scan,filtered/jobs-1,0,go.heap_alloc_bytes,259816
go,ingest.scan,filtered/jobs-1,0,go.mallocs,3009
go,ingest.scan,filtered/jobs-N,0,go.heap_alloc_bytes,253616
go,ingest.scan,filtered/jobs-N,0,go.mallocs,3057
go,ingest.scan,unfiltered/jobs-1,0,go.heap_alloc_bytes,219096
go,ingest.scan,unfiltered/jobs-1,0,go.mallocs,2575
go,key.accessors,type+length+length_size+hash,0,go.heap_alloc_bytes,0
go,key.accessors,type+length+length_size+hash,0,go.mallocs,0
go,key.new,1MiB-duplicate,0,go.heap_alloc_bytes,0
go,key.new,1MiB-duplicate,0,go.mallocs,0
go,key.new,1MiB-random,0,go.heap_alloc_bytes,0
go,key.new,1MiB-random,0,go.mallocs,0
go,key.new,1MiB-text,0,go.heap_alloc_bytes,0
go,key.new,1MiB-text,0,go.mallocs,0
go,key.new,4KiB-duplicate,0,go.heap_alloc_bytes,0
go,key.new,4KiB-duplicate,0,go.mallocs,0
go,key.new,4KiB-random,0,go.heap_alloc_bytes,0
go,key.new,4KiB-random,0,go.mallocs,0
go,key.new,4KiB-text,0,go.heap_alloc_bytes,0
go,key.new,4KiB-text,0,go.mallocs,0
go,key.new,empty,0,go.heap_alloc_bytes,0
go,key.new,empty,0,go.mallocs,0
go,key.new,large-8MiB-duplicate,0,go.heap_alloc_bytes,0
go,key.new,large-8MiB-duplicate,0,go.mallocs,0
go,key.new,large-8MiB-random,0,go.heap_alloc_bytes,0
go,key.new,large-8MiB-random,0,go.mallocs,0
go,key.new,large-8MiB-text,0,go.heap_alloc_bytes,0
go,key.new,large-8MiB-text,0,go.mallocs,0
go,key.new,tiny-64B-duplicate,0,go.heap_alloc_bytes,0
go,key.new,tiny-64B-duplicate,0,go.mallocs,0
go,key.new,tiny-64B-random,0,go.heap_alloc_bytes,0
go,key.new,tiny-64B-random,0,go.mallocs,0
go,key.new,tiny-64B-text,0,go.heap_alloc_bytes,0
go,key.new,tiny-64B-text,0,go.mallocs,0
go,key.new_from_hash,batch,0,go.heap_alloc_bytes,0
go,key.new_from_hash,batch,0,go.mallocs,0
go,key.parse,canonical,0,go.heap_alloc_bytes,0
go,key.parse,canonical,0,go.mallocs,0
go,key.parse,malformed,0,go.heap_alloc_bytes,38488
go,key.parse,malformed,0,go.mallocs,1031
go,key.string,hex,0,go.heap_alloc_bytes,25600
go,key.string,hex,0,go.mallocs,400
go,key.type_string,names,0,go.heap_alloc_bytes,0
go,key.type_string,names,0,go.mallocs,0
go,key.validate,canonical,0,go.heap_alloc_bytes,0
go,key.validate,canonical,0,go.mallocs,0
go,packstore.append_record,pre-encoded+sync,0,go.heap_alloc_bytes,17656
go,packstore.append_record,pre-encoded+sync,0,go.mallocs,20
go,packstore.barrier,begin+observe+abort,0,go.heap_alloc_bytes,160328
go,packstore.barrier,begin+observe+abort,0,go.mallocs,22
go,packstore.close,populated,0,go.heap_alloc_bytes,0
go,packstore.close,populated,0,go.mallocs,0
go,packstore.compact,90-percent-dead,0,go.heap_alloc_bytes,156856
go,packstore.compact,90-percent-dead,0,go.mallocs,245
go,packstore.compact,nothing-dead,0,go.heap_alloc_bytes,86632
go,packstore.compact,nothing-dead,0,go.mallocs,29
go,packstore.get,hit,0,go.heap_alloc_bytes,1934408
go,packstore.get,hit,0,go.mallocs,248
go,packstore.get,miss,0,go.heap_alloc_bytes,0
go,packstore.get,miss,0,go.mallocs,0
go,packstore.get_record,hit,0,go.heap_alloc_bytes,817280
go,packstore.get_record,hit,0,go.mallocs,200
go,packstore.has,hit,0,go.heap_alloc_bytes,0
go,packstore.has,hit,0,go.mallocs,0
go,packstore.has,miss,0,go.heap_alloc_bytes,0
go,packstore.has,miss,0,go.mallocs,0
go,packstore.has_outside,sealed-segment,0,go.heap_alloc_bytes,0
go,packstore.has_outside,sealed-segment,0,go.mallocs,0
go,packstore.liveness,tenth-live,0,go.heap_alloc_bytes,9848
go,packstore.liveness,tenth-live,0,go.mallocs,6
go,packstore.mark_set_contains,all-keys,0,go.heap_alloc_bytes,94488
go,packstore.mark_set_contains,all-keys,0,go.mallocs,26
go,packstore.mark_set_mark,all-keys,0,go.heap_alloc_bytes,94488
go,packstore.mark_set_mark,all-keys,0,go.mallocs,26
go,packstore.missing,half-present,0,go.heap_alloc_bytes,15408
go,packstore.missing,half-present,0,go.mallocs,34
go,packstore.new_mark_set,snapshot,0,go.heap_alloc_bytes,1511808
go,packstore.new_mark_set,snapshot,0,go.mallocs,416
go,packstore.oldest_inflight_write,idle,0,go.heap_alloc_bytes,0
go,packstore.oldest_inflight_write,idle,0,go.mallocs,0
go,packstore.open,empty,0,go.heap_alloc_bytes,10480
go,packstore.open,empty,0,go.mallocs,17
go,packstore.open,populated-reopen,0,go.heap_alloc_bytes,1251528
go,packstore.open,populated-reopen,0,go.mallocs,83
go,packstore.put,1MiB-duplicate/sync-off,0,go.heap_alloc_bytes,3426656
go,packstore.put,1MiB-duplicate/sync-off,0,go.mallocs,16
go,packstore.put,1MiB-random/sync-off,0,go.heap_alloc_bytes,3426912
go,packstore.put,1MiB-random/sync-off,0,go.mallocs,18
go,packstore.put,1MiB-text/sync-off,0,go.heap_alloc_bytes,1911392
go,packstore.put,1MiB-text/sync-off,0,go.mallocs,22
go,packstore.put,4KiB-duplicate/sync-off,0,go.heap_alloc_bytes,17008
go,packstore.put,4KiB-duplicate/sync-off,0,go.mallocs,49
go,packstore.put,4KiB-random/already-present,0,go.heap_alloc_bytes,32
go,packstore.put,4KiB-random/already-present,0,go.mallocs,32
go,packstore.put,4KiB-random/sync-off,0,go.heap_alloc_bytes,468472
go,packstore.put,4KiB-random/sync-off,0,go.mallocs,147
go,packstore.put,4KiB-random/sync-on,0,go.heap_alloc_bytes,468728
go,packstore.put,4KiB-random/sync-on,0,go.mallocs,149
go,packstore.put,4KiB-text/sync-off,0,go.heap_alloc_bytes,181976
go,packstore.put,4KiB-text/sync-off,0,go.mallocs,117
go,packstore.put,empty/sync-off,0,go.heap_alloc_bytes,3488
go,packstore.put,empty/sync-off,0,go.mallocs,815
go,packstore.put,large-8MiB-duplicate/sync-off,0,go.heap_alloc_bytes,27288208
go,packstore.put,large-8MiB-duplicate/sync-off,0,go.mallocs,47
go,packstore.put,large-8MiB-random/sync-off,0,go.heap_alloc_bytes,27288208
go,packstore.put,large-8MiB-random/sync-off,0,go.mallocs,46
go,packstore.put,large-8MiB-text/sync-off,0,go.heap_alloc_bytes,10005088
go,packstore.put,large-8MiB-text/sync-off,0,go.mallocs,17
go,packstore.put,tiny-64B-duplicate/sync-off,0,go.heap_alloc_bytes,4992
go,packstore.put,tiny-64B-duplicate/sync-off,0,go.mallocs,2065
go,packstore.put,tiny-64B-random/sync-off,0,go.heap_alloc_bytes,1150760
go,packstore.put,tiny-64B-random/sync-off,0,go.mallocs,8232
go,packstore.put,tiny-64B-text/sync-off,0,go.heap_alloc_bytes,1146280
go,packstore.put,tiny-64B-text/sync-off,0,go.mallocs,8198
go,packstore.put_verified,already-intact,0,go.heap_alloc_bytes,1897344
go,packstore.put_verified,already-intact,0,go.mallocs,89
go,packstore.record,by-location,0,go.heap_alloc_bytes,823792
go,packstore.record,by-location,0,go.mallocs,200
go,packstore.remove,one-sealed-segment,0,go.heap_alloc_bytes,1224
go,packstore.remove,one-sealed-segment,0,go.mallocs,10
go,packstore.scan_index,all-segments,0,go.heap_alloc_bytes,736
go,packstore.scan_index,all-segments,0,go.mallocs,5
go,packstore.segments,list,0,go.heap_alloc_bytes,47104
go,packstore.segments,list,0,go.mallocs,320
go,packstore.sort_by_location,scattered,0,go.heap_alloc_bytes,18816
go,packstore.sort_by_location,scattered,0,go.mallocs,2
go,packstore.stored_size,hit,0,go.heap_alloc_bytes,0
go,packstore.stored_size,hit,0,go.mallocs,0
go,packstore.verify,full-scrub,0,go.heap_alloc_bytes,10615784
go,packstore.verify,full-scrub,0,go.mallocs,1207
go,packstore.wipe,populated,0,go.heap_alloc_bytes,336
go,packstore.wipe,populated,0,go.mallocs,3
go,packstore.write_batch,mixed-objects,0,go.heap_alloc_bytes,24391840
go,packstore.write_batch,mixed-objects,0,go.mallocs,4061
go,packstore.write_parallel,duplicate-stream/writers-N,0,go.heap_alloc_bytes,116784
go,packstore.write_parallel,duplicate-stream/writers-N,0,go.mallocs,654
go,packstore.write_parallel,mixed-objects/writers-1/verify-false,0,go.heap_alloc_bytes,24346888
go,packstore.write_parallel,mixed-objects/writers-1/verify-false,0,go.mallocs,4680
go,packstore.write_parallel,mixed-objects/writers-1/verify-true,0,go.heap_alloc_bytes,24346776
go,packstore.write_parallel,mixed-objects/writers-1/verify-true,0,go.mallocs,4679
go,packstore.write_parallel,mixed-objects/writers-N/verify-false,0,go.heap_alloc_bytes,24348576
go,packstore.write_parallel,mixed-objects/writers-N/verify-false,0,go.mallocs,4694
go,packstore.write_parallel,mixed-objects/writers-N/verify-true,0,go.heap_alloc_bytes,24348288
go,packstore.write_parallel,mixed-objects/writers-N/verify-true,0,go.mallocs,4690
go,reference.decode,signed,0,go.heap_alloc_bytes,219256
go,reference.decode,signed,0,go.mallocs,2055
go,reference.encode,signed,0,go.heap_alloc_bytes,111752
go,reference.encode,signed,0,go.mallocs,514
go,reference.signature_payload,signed,0,go.heap_alloc_bytes,79480
go,reference.signature_payload,signed,0,go.mallocs,518
go,reference.validate_name,valid,0,go.heap_alloc_bytes,0
go,reference.validate_name,valid,0,go.mallocs,0
go,reference.validate_user,valid,0,go.heap_alloc_bytes,15920
go,reference.validate_user,valid,0,go.mallocs,229
go,refstore.all,records,0,go.heap_alloc_bytes,117352
go,refstore.all,records,0,go.mallocs,522
go,refstore.close,populated,0,go.heap_alloc_bytes,416
go,refstore.close,populated,0,go.mallocs,4
go,refstore.delete,records,0,go.heap_alloc_bytes,85832
go,refstore.delete,records,0,go.mallocs,517
go,refstore.get,hit,0,go.heap_alloc_bytes,81976
go,refstore.get,hit,0,go.mallocs,512
go,refstore.get,miss,0,go.heap_alloc_bytes,9160
go,refstore.get,miss,0,go.mallocs,203
go,refstore.open,empty,0,go.heap_alloc_bytes,553168
go,refstore.open,empty,0,go.mallocs,531
go,refstore.open,populated-reopen,0,go.heap_alloc_bytes,2446152
go,refstore.open,populated-reopen,0,go.mallocs,1024
go,refstore.put,records/sync-false,0,go.heap_alloc_bytes,2568
go,refstore.put,records/sync-false,0,go.mallocs,4
go,refstore.put,records/sync-true,0,go.heap_alloc_bytes,2568
go,refstore.put,records/sync-true,0,go.mallocs,4
go,refstore.put_batch,records/sync-false,0,go.heap_alloc_bytes,66056
go,refstore.put_batch,records/sync-false,0,go.mallocs,9
go,refstore.wipe,records,0,go.heap_alloc_bytes,83720
go,refstore.wipe,records,0,go.mallocs,319
go,tarexport.write,fixture-tree,0,go.heap_alloc_bytes,559416
go,tarexport.write,fixture-tree,0,go.mallocs,10186
go,tarextract.extract,fixture-tree,0,go.heap_alloc_bytes,12432296
go,tarextract.extract,fixture-tree,0,go.mallocs,18670
