core,group,op,workload,threads,rep,ops,bytes,bytes_kind,wall_ns,ns_per_op,cpu_user_ns,cpu_sys_ns,max_rss_kib,checksum,item_bytes,items,content,entries,depth,width,shape,files,objects,workers,sweep,series
go,amberignore,amberignore.descend,8-subdirs,1,0,512,0,,2719195,5310.927734375,1763000,928000,637140,11838577130360562469,,,structured,512,1,,,,,1,,
go,amberignore,amberignore.ignored,mixed-names,1,0,1024,0,,210773,205.8330078125,163000,52000,637140,17033983874747237157,,,structured,1024,,,,,,1,,
go,amberignore,amberignore.ignored,nil-matcher,1,0,1024,0,,5570,5.439453125,6000,2000,637140,13389487554061181733,,,structured,1024,,,,,,1,,
go,amberignore,amberignore.root,load-root,1,0,64,0,,485447,7585.109375,484000,0,637140,3808676317670837029,,,structured,64,,,,,,1,,
go,amberpack,amberpack.decode_payload,mixed-records/producer-go,1,0,64,1288865,encoded,1030910,16107.96875,1028000,7000,637140,17407356770391273955,,64,structured,,,,,,64,1,,
go,amberpack,amberpack.decode_payload,mixed-records/producer-rust,1,0,64,1286787,encoded,929786,14527.90625,934000,0,637140,17407356770391273955,,64,structured,,,,,,64,1,,
go,amberpack,amberpack.encode_record,1MiB-duplicate,1,0,2,2097152,payload,1207747,603873.5,1204000,0,637140,3055170925167752709,1048576,2,duplicate,,,,,,,1,item_bytes,duplicate
go,amberpack,amberpack.encode_record,1MiB-random,1,0,1,1048576,payload,517950,517950.0,518000,0,637140,6342192483762135658,1048576,1,random,,,,,,,1,item_bytes,random
go,amberpack,amberpack.encode_record,1MiB-text,1,0,1,1048576,payload,3911182,3911182.0,3903000,0,637140,18165073756956660352,1048576,1,text,,,,,,,1,item_bytes,text
go,amberpack,amberpack.encode_record,4KiB-duplicate,1,0,256,1048576,payload,1024608,4002.375,1019000,4000,637140,6119980832428016421,4096,256,duplicate,,,,,,,1,item_bytes,duplicate
go,amberpack,amberpack.encode_record,4KiB-random,1,0,256,1048576,payload,2505245,9786.11328125,2593000,887000,637140,12565210988273004431,4096,256,random,,,,,,,1,item_bytes,random
go,amberpack,amberpack.encode_record,4KiB-text,1,0,256,1048576,payload,6942051,27117.38671875,6417000,796000,637140,11596150715995894676,4096,256,text,,,,,,,1,item_bytes,text
go,amberpack,amberpack.encode_record,empty,1,0,800,0,payload,56508,70.635,46000,15000,637140,11488096534593603877,,800,empty,,,,,,,1,item_bytes,empty
go,amberpack,amberpack.encode_record,large-8MiB-duplicate,1,0,2,16777216,payload,28083648,14041824.0,12069000,16872000,637140,11090642185545363909,8388608,2,duplicate,,,,,,,1,item_bytes,duplicate
go,amberpack,amberpack.encode_record,large-8MiB-random,1,0,1,8388608,payload,6098109,6098109.0,3824000,3272000,637140,16023285418421674942,8388608,1,random,,,,,,,1,item_bytes,random
go,amberpack,amberpack.encode_record,large-8MiB-text,1,0,1,8388608,payload,26298307,26298307.0,25426000,1754000,637140,3717030585049525887,8388608,1,text,,,,,,,1,item_bytes,text
go,amberpack,amberpack.encode_record,tiny-64B-duplicate,1,0,16384,1048576,payload,8245551,503.26849365234375,8223000,1063000,637140,15118262615421100837,64,16384,duplicate,,,,,,,1,item_bytes,duplicate
go,amberpack,amberpack.encode_record,tiny-64B-random,1,0,16384,1048576,payload,9221776,562.8525390625,9112000,322000,637140,13667126546932280967,64,16384,random,,,,,,,1,item_bytes,random
go,amberpack,amberpack.encode_record,tiny-64B-text,1,0,16384,1048576,payload,18876659,1152.1398315429688,18440000,379000,637140,15004358341227962651,64,16384,text,,,,,,,1,item_bytes,text
go,amberpack,amberpack.parse_record,corrupt-crc/producer-go,1,0,256,0,,40858,159.6015625,36000,12000,637140,17539378016686813989,,256,structured,,,,,,,1,,
go,amberpack,amberpack.parse_record,corrupt-crc/producer-rust,1,0,256,0,,38623,150.87109375,34000,10000,637140,17539378016686813989,,256,structured,,,,,,,1,,
go,amberpack,amberpack.parse_record,mixed-records/producer-go,1,0,64,1288865,encoded,141360,2208.75,110000,35000,637140,18178966418845869789,,64,structured,,,,,,64,1,,
go,amberpack,amberpack.parse_record,mixed-records/producer-rust,1,0,64,1286787,encoded,137403,2146.921875,108000,35000,637140,14053298517544710450,,64,structured,,,,,,64,1,,
go,amberpack,amberpack.reader_all,mixed-objects/producer-go,1,0,64,1288865,encoded,1143364,17865.0625,1116000,31000,637140,14268707933356208065,,64,structured,,,,,,64,1,,
go,amberpack,amberpack.reader_all,mixed-objects/producer-rust,1,0,64,1286787,encoded,1090152,17033.625,1088000,0,637140,14268707933356208065,,64,structured,,,,,,64,1,,
go,amberpack,amberpack.reader_all,truncated-stream/producer-go,1,0,64,0,,61999968,968749.5,41238000,20527000,637140,9400551539395377445,644432,64,structured,,,,,,,1,,
go,amberpack,amberpack.reader_all,truncated-stream/producer-rust,1,0,64,0,,35298760,551543.125,34235000,921000,637140,9400551539395377445,643393,64,structured,,,,,,,1,,
go,amberpack,amberpack.reader_records,mixed-objects/producer-go,1,0,64,1288865,encoded,166098,2595.28125,167000,0,637140,5414011647278046317,,64,structured,,,,,,64,1,,
go,amberpack,amberpack.reader_records,mixed-objects/producer-rust,1,0,64,1286787,encoded,115380,1802.8125,98000,20000,637140,10040061540029894638,,64,structured,,,,,,64,1,,
go,amberpack,amberpack.writer_add,mixed-objects,1,0,64,2170880,payload,5950176,92971.5,5925000,967000,637140,3853249909713365497,,64,structured,,,,,,64,1,,
go,amberpack,amberpack.writer_add_record,pre-encoded-records/producer-go,1,0,64,1288865,encoded,9438,147.46875,10000,3000,637140,3853249909713365497,,64,structured,,,,,,64,1,,
go,amberpack,amberpack.writer_add_record,pre-encoded-records/producer-rust,1,0,64,1286787,encoded,9087,141.984375,11000,3000,637140,15738792658814084779,,64,structured,,,,,,64,1,,
go,cbor,cbor.decode_xattrs,xattrs-3,1,0,64,4544,encoded,41329,645.765625,23000,7000,637140,10124439526398863653,71,64,structured,3,,,,,,1,,
go,cbor,cbor.decode_xattrs,xattrs-64,1,0,64,282752,encoded,600237,9378.703125,463000,144000,637140,5919729855399850789,4418,64,structured,64,,,,,,1,,
go,cbor,cbor.encode_xattrs,xattrs-3,1,0,64,4544,encoded,31119,486.234375,26000,8000,637140,7087683166235696933,71,64,structured,3,,,,,,1,,
go,cbor,cbor.encode_xattrs,xattrs-64,1,0,64,282752,encoded,1646956,25733.6875,1545000,166000,637140,7055603837320979365,4418,64,structured,64,,,,,,1,,
go,chunkers,chunkers.item_chunker,is_boundary/bits-7,1,0,200,0,,15710,78.55,14000,5000,637140,2996728193258603621,32,200,structured,,,,,,,1,,
go,chunkers,chunkers.new_item_chunker,bits-4..12,1,0,2304,0,,30187,13.101996527777779,27000,9000,637140,10832436384879348517,,2304,structured,,,,,,,1,,
go,chunkers,chunkers.split_bytes,compressible/4-16-64KiB,1,0,64,4194304,payload,3468295,54192.109375,3366000,101000,637140,4555664296064952101,4194304,1,text,64,,,,,,1,,
go,chunkers,chunkers.split_bytes,compressible/default-sizes,1,0,4,4194304,payload,5350340,1337585.0,4255000,1079000,637140,14312206821874964901,4194304,1,text,4,,,,,,1,,
go,chunkers,chunkers.split_bytes,random/default-sizes,1,0,54,4194304,payload,2775462,51397.444444444445,2774000,0,637140,4614777541258644474,4194304,1,random,54,,,,,,1,,
go,chunkers,chunkers.split_bytes,tiny-64KiB/default-sizes,1,0,1,65536,payload,50727,50727.0,54000,0,637140,14713704181997794188,65536,1,text,1,,,,,,1,,
go,fstree,fstree.check_complete,incomplete/jobs-1,1,0,1,0,,52320,52320.0,71000,0,637140,15567951148124569360,,,structured,16,,,wide,,,1,,
go,fstree,fstree.check_complete,widest/jobs-1,1,0,40257,0,,31974009,794.2471868246516,27850000,5431000,637140,8781341933545400491,,,structured,40000,,40000,wide,,40257,1,,
go,fstree,fstree.check_complete,widest/jobs-N,4,0,40257,0,,18041254,448.15197356981395,31774000,2144000,637140,8781341933545400491,,,structured,40000,,40000,wide,,40257,4,,
go,fstree,fstree.check_complete,width-16/jobs-1,1,0,17,0,,32282,1898.9411764705883,34000,10000,637140,8753205170136912308,,,structured,16,,16,wide,,17,1,width,plain
go,fstree,fstree.check_complete,width-256/jobs-1,1,0,259,0,,197487,762.4980694980695,214000,0,637140,10166096353870829249,,,structured,256,,256,wide,,259,1,width,plain
go,fstree,fstree.check_complete,width-40000/jobs-1,1,0,40257,0,,29829904,740.9867600665723,27813000,3179000,637140,8781341933545400491,,,structured,40000,,40000,wide,,40257,1,width,plain
go,fstree,fstree.check_complete,width-4096/jobs-1,1,0,4122,0,,2732389,662.8794274623968,2856000,0,637140,2551262535976545999,,,structured,4096,,4096,wide,,4122,1,width,plain
go,fstree,fstree.child_keys,dir-leaf-128,1,0,64,0,,3033505,47398.515625,3032000,0,637140,9537427053040457253,,64,structured,128,,,,,,1,,
go,fstree,fstree.child_keys,dir-node-128,1,0,64,0,,1378103,21532.859375,1409000,121000,637140,1477312231372574501,,64,structured,128,,,,,,1,,
go,fstree,fstree.child_keys,file-node-1024,1,0,64,0,,5505066,86016.65625,5501000,0,637140,7701241629847960229,,64,structured,1024,,,,,,1,,
go,fstree,fstree.collect_entries,width-16,1,0,16,0,,10871,679.4375,14000,0,637140,8341622732183221560,,,structured,16,1,16,wide,,17,1,width,plain
go,fstree,fstree.collect_entries,width-256,1,0,256,0,,100372,392.078125,80000,23000,637140,5488379839664258588,,,structured,256,1,256,wide,,259,1,width,plain
go,fstree,fstree.collect_entries,width-40000,1,0,40000,0,,25326631,633.165775,17429000,7822000,637140,14993720166178614202,,,structured,40000,1,40000,wide,,40257,1,width,plain
go,fstree,fstree.collect_entries,width-4096,1,0,4096,0,,1505035,367.440185546875,1394000,112000,637140,13256494381648301123,,,structured,4096,1,4096,wide,,4122,1,width,plain
go,fstree,fstree.decode_dir_leaf,entries-1024,1,0,65536,4849856,encoded,23970249,365.75697326660156,22892000,1908000,637140,4752332038147119141,75779,64,structured,1024,,,leaf,,,1,entries,plain
go,fstree,fstree.decode_dir_leaf,entries-128,1,0,8192,606336,encoded,2960876,361.43505859375,2957000,0,637140,13453085420543655461,9474,64,structured,128,,,leaf,,,1,entries,plain
go,fstree,fstree.decode_dir_leaf,entries-128-partial-change,1,0,8192,680064,encoded,3140459,383.3568115234375,2712000,931000,637140,868920460316997157,10626,64,partial-change,128,,,leaf,,,1,entries,partial-change
go,fstree,fstree.decode_dir_leaf,entries-128-with-xattrs,1,0,8192,680064,encoded,3027664,369.587890625,3021000,0,637140,13453085420543655461,10626,64,structured,128,,,leaf,,,1,entries,with-xattrs
go,fstree,fstree.decode_dir_leaf,entries-8,1,0,512,37952,encoded,192298,375.58203125,195000,0,637140,13863560569644134693,593,64,structured,8,,,leaf,,,1,entries,plain
go,fstree,fstree.decode_dir_node,pairs-1024,1,0,65536,3276992,encoded,11497002,175.43032836914062,11945000,0,637140,11961031557855502117,51203,64,structured,1024,,,index,,,1,entries,plain
go,fstree,fstree.decode_dir_node,pairs-128,1,0,8192,409728,encoded,1376289,168.0040283203125,1382000,0,637140,9182210741442831141,6402,64,structured,128,,,index,,,1,entries,plain
go,fstree,fstree.decode_dir_node,pairs-8,1,0,512,25664,encoded,96845,189.150390625,100000,0,637140,8467071135069708069,401,64,structured,8,,,index,,,1,entries,plain
go,fstree,fstree.decode_file_node,children-1024,1,0,65536,2228416,encoded,5652087,86.24400329589844,5638000,0,637140,7701241629847960229,34819,64,structured,1024,,,file-index,,,1,entries,plain
go,fstree,fstree.decode_file_node,children-128,1,0,8192,278656,encoded,727028,88.74853515625,734000,0,637140,934824099510310693,4354,64,structured,128,,,file-index,,,1,entries,plain
go,fstree,fstree.decode_file_node,children-65536,1,0,4194304,142606656,encoded,419163399,99.9363420009613,386119000,38680000,637140,3370106694439645093,2228229,64,structured,65536,,,file-index,,,1,entries,plain
go,fstree,fstree.decode_file_node,children-8,1,0,512,17472,encoded,56619,110.583984375,48000,12000,637140,6032738727359362853,273,64,structured,8,,,file-index,,,1,entries,plain
go,fstree,fstree.dir_builder,entries-16,1,0,16,0,,36219,2263.6875,42000,0,637140,17327107032425722273,,,structured,16,1,16,wide,,,1,entries,plain
go,fstree,fstree.dir_builder,entries-256,1,0,256,0,,151620,592.265625,0,151000,637140,6965094703770672903,,,structured,256,1,256,wide,,,1,entries,plain
go,fstree,fstree.dir_builder,entries-40000,1,0,40000,0,,20287084,507.1771,20011000,1216000,637140,5451962816014331386,,,structured,40000,1,40000,wide,,,1,entries,plain
go,fstree,fstree.dir_builder,entries-4096,1,0,4096,0,,1987046,485.11865234375,1786000,197000,637140,13286298812054168386,,,structured,4096,1,4096,wide,,,1,entries,plain
go,fstree,fstree.encode_blob,1MiB-duplicate,1,0,2,2097152,payload,436604,218302.0,438000,0,637140,3327845511934643117,1048576,2,duplicate,,,,,,,1,item_bytes,duplicate
go,fstree,fstree.encode_blob,1MiB-random,1,0,1,1048576,payload,246140,246140.0,199000,50000,637140,2533466760707363185,1048576,1,random,,,,,,,1,item_bytes,random
go,fstree,fstree.encode_blob,1MiB-text,1,0,1,1048576,payload,262411,262411.0,348000,0,637140,10591185964127964225,1048576,1,text,,,,,,,1,item_bytes,text
go,fstree,fstree.encode_blob,4KiB-duplicate,1,0,256,1048576,payload,467704,1826.96875,472000,0,637140,17774233822483135269,4096,256,duplicate,,,,,,,1,item_bytes,duplicate
go,fstree,fstree.encode_blob,4KiB-random,1,0,256,1048576,payload,501568,1959.25,402000,103000,637140,15260574016213831028,4096,256,random,,,,,,,1,item_bytes,random
go,fstree,fstree.encode_blob,4KiB-text,1,0,256,1048576,payload,545221,2129.76953125,559000,0,637140,10050851277088507205,4096,256,text,,,,,,,1,item_bytes,text
go,fstree,fstree.encode_blob,empty,1,0,800,0,payload,100883,126.10375,86000,22000,637140,11950893846623745253,,800,empty,,,,,,,1,item_bytes,empty
go,fstree,fstree.encode_blob,large-8MiB-duplicate,1,0,2,16777216,payload,3509675,1754837.5,3559000,902000,637140,6013579253605003965,8388608,2,duplicate,,,,,,,1,item_bytes,duplicate
go,fstree,fstree.encode_blob,large-8MiB-random,1,0,1,8388608,payload,1922553,1922553.0,1921000,0,637140,18309876851832907018,8388608,1,random,,,,,,,1,item_bytes,random
go,fstree,fstree.encode_blob,large-8MiB-text,1,0,1,8388608,payload,1929526,1929526.0,1926000,0,637140,9430261300512049942,8388608,1,text,,,,,,,1,item_bytes,text
go,fstree,fstree.encode_blob,tiny-64B-duplicate,1,0,16384,1048576,payload,2228096,135.9921875,2168000,38000,637140,8354136380780258085,64,16384,duplicate,,,,,,,1,item_bytes,duplicate
go,fstree,fstree.encode_blob,tiny-64B-random,1,0,16384,1048576,payload,2222526,135.6522216796875,2185000,38000,637140,1495078422366159392,64,16384,random,,,,,,,1,item_bytes,random
go,fstree,fstree.encode_blob,tiny-64B-text,1,0,16384,1048576,payload,2248635,137.24578857421875,2242000,0,637140,8258853772002371914,64,16384,text,,,,,,,1,item_bytes,text
go,fstree,fstree.encode_dir_leaf,entries-1024,1,0,65536,4849856,encoded,10452658,159.49490356445312,10420000,0,637140,14926286625942829477,75779,64,structured,1024,,,leaf,,,1,entries,plain
go,fstree,fstree.encode_dir_leaf,entries-128,1,0,8192,606336,encoded,1351091,164.9281005859375,1349000,0,637140,1374923134133451557,9474,64,structured,128,,,leaf,,,1,entries,plain
go,fstree,fstree.encode_dir_leaf,entries-128-partial-change,1,0,8192,680064,encoded,1450671,177.0838623046875,1454000,0,637140,4655539362595262373,10626,64,partial-change,128,,,leaf,,,1,entries,partial-change
go,fstree,fstree.encode_dir_leaf,entries-128-with-xattrs,1,0,8192,680064,encoded,1429731,174.5277099609375,1431000,0,637140,13784683988985435685,10626,64,structured,128,,,leaf,,,1,entries,with-xattrs
go,fstree,fstree.encode_dir_leaf,entries-8,1,0,512,37952,encoded,127423,248.873046875,136000,0,637140,9483523244623033125,593,64,structured,8,,,leaf,,,1,entries,plain
go,fstree,fstree.encode_dir_node,pairs-1024,1,0,65536,3276992,encoded,4431325,67.61665344238281,4449000,0,637140,13134739177949024805,51203,64,structured,1024,,,index,,,1,entries,plain
go,fstree,fstree.encode_dir_node,pairs-128,1,0,8192,409728,encoded,583906,71.277587890625,590000,0,637140,8693509944766546085,6402,64,structured,128,,,index,,,1,entries,plain
go,fstree,fstree.encode_dir_node,pairs-8,1,0,512,25664,encoded,69994,136.70703125,72000,0,637140,5615932682167956261,401,64,structured,8,,,index,,,1,entries,plain
go,fstree,fstree.encode_file_node,children-1024,1,0,65536,2228416,encoded,2557045,39.01741027832031,2540000,0,637140,7106826622917578021,34819,64,structured,1024,,,file-index,,,1,entries,plain
go,fstree,fstree.encode_file_node,children-128,1,0,8192,278656,encoded,483524,59.02392578125,392000,97000,637140,14969072261990374693,4354,64,structured,128,,,file-index,,,1,entries,plain
go,fstree,fstree.encode_file_node,children-65536,1,0,4194304,142606656,encoded,228852732,54.562743186950684,188139000,54412000,637140,7201247303332347429,2228229,64,structured,65536,,,file-index,,,1,entries,plain
go,fstree,fstree.encode_file_node,children-8,1,0,512,17472,encoded,60225,117.626953125,50000,12000,637140,6472471074395739557,273,64,structured,8,,,file-index,,,1,entries,plain
go,fstree,fstree.encode_xattr_set,xattrs-64,1,0,4096,0,,2002305,488.843994140625,1996000,0,637140,4027580594042018341,,64,structured,64,,,,,,1,,
go,fstree,fstree.index_builder_file,children-1024,1,0,1024,0,,139887,136.6083984375,143000,0,637140,9757242120474664615,,,structured,1024,,1024,file-index,,,1,entries,plain
go,fstree,fstree.index_builder_file,children-128,1,0,128,0,,28274,220.890625,27000,7000,637140,5516234319160730044,,,structured,128,,128,file-index,,,1,entries,plain
go,fstree,fstree.index_builder_file,children-65536,1,0,65536,0,,8412159,128.35935974121094,8376000,0,637140,16475152812802804162,,,structured,65536,,65536,file-index,,,1,entries,plain
go,fstree,fstree.index_builder_file,children-8,1,0,8,0,,10601,1325.125,11000,3000,637140,5481630882257051986,,,structured,8,,8,file-index,,,1,entries,plain
go,fstree,fstree.list_entries,widest/first-page-100,1,0,6400,0,,8867810,1385.5953125,8840000,951000,637140,10287959357742859045,,64,structured,40000,1,40000,wide,,,1,,
go,fstree,fstree.list_entries,width-16/full-paging-100,1,0,16,0,,9879,617.4375,10000,2000,637140,8647329350532786293,,,structured,16,1,16,wide,,17,1,width,plain
go,fstree,fstree.list_entries,width-256/full-paging-100,1,0,256,0,,177258,692.4140625,181000,0,637140,13846005503640562525,,,structured,256,1,256,wide,,259,1,width,plain
go,fstree,fstree.list_entries,width-40000/full-paging-100,1,0,40000,0,,54285380,1357.1345,54214000,1146000,637140,14411079679319204100,,,structured,40000,1,40000,wide,,40257,1,width,plain
go,fstree,fstree.list_entries,width-4096/full-paging-100,1,0,4096,0,,4713304,1150.708984375,4695000,0,637140,11900522544021708933,,,structured,4096,1,4096,wide,,4122,1,width,plain
go,fstree,fstree.lookup_entry,width-16/hit,1,0,200,0,,1030098,5150.49,1025000,3000,637140,5228808254969208636,,,structured,16,1,16,wide,,17,1,width,hit
go,fstree,fstree.lookup_entry,width-16/miss,1,0,200,0,,1113387,5566.935,1080000,22000,637140,18244102546136779685,,,structured,16,1,16,wide,,17,1,width,miss
go,fstree,fstree.lookup_entry,width-256/hit,1,0,200,0,,8169185,40845.925,8140000,0,637140,16593571774314951507,,,structured,256,1,256,wide,,259,1,width,hit
go,fstree,fstree.lookup_entry,width-256/miss,1,0,200,0,,142272,711.36,117000,29000,637140,18244102546136779685,,,structured,256,1,256,wide,,259,1,width,miss
go,fstree,fstree.lookup_entry,width-40000/hit,1,0,200,0,,20728387,103641.935,20711000,892000,637140,12084480671124927790,,,structured,40000,1,40000,wide,,40257,1,width,hit
go,fstree,fstree.lookup_entry,width-40000/miss,1,0,200,0,,147221,736.105,148000,0,637140,18244102546136779685,,,structured,40000,1,40000,wide,,40257,1,width,miss
go,fstree,fstree.lookup_entry,width-4096/hit,1,0,200,0,,17767601,88838.005,17777000,0,637140,17057648340793700057,,,structured,4096,1,4096,wide,,4122,1,width,hit
go,fstree,fstree.lookup_entry,width-4096/miss,1,0,200,0,,747198,3735.99,748000,0,637140,18244102546136779685,,,structured,4096,1,4096,wide,,4122,1,width,miss
go,fstree,fstree.reachable_keys,deep,0,0,24,0,,140539,5855.791666666667,177000,0,637140,5223880262323894244,,,structured,,24,,deep,,,,,
go,fstree,fstree.reachable_keys,file-corpus,0,0,4,0,,15490,3872.5,20000,0,637140,1000385178204227360,,,text,4,,,file-index,,,,,
go,fstree,fstree.reachable_keys,width-16,0,0,17,0,,25088,1475.764705882353,36000,0,637140,8753205170136912308,,,structured,16,1,16,wide,,17,,width,plain
go,fstree,fstree.reachable_keys,width-256,0,0,259,0,,125740,485.4826254826255,146000,0,637140,10166096353870829249,,,structured,256,1,256,wide,,259,,width,plain
go,fstree,fstree.reachable_keys,width-40000,0,0,40257,0,,9160870,227.55967906202648,20248000,666000,637140,8781341933545400491,,,structured,40000,1,40000,wide,,40257,,width,plain
go,fstree,fstree.reachable_keys,width-4096,0,0,4122,0,,587191,142.45293546821932,1428000,338000,637140,2551262535976545999,,,structured,4096,1,4096,wide,,4122,,width,plain
go,fstree,fstree.resolve_entry,depth-1,1,0,256,0,,1553497,6068.34765625,1555000,0,637140,14437412121268626213,,256,structured,,1,16,deep,,,1,depth,plain
go,fstree,fstree.resolve_entry,depth-12,1,0,256,0,,4055597,15842.17578125,4045000,2000,637140,14437412121268626213,,256,structured,,12,16,deep,,,1,depth,plain
go,fstree,fstree.resolve_entry,depth-24,1,0,256,0,,6881305,26880.09765625,6852000,0,637140,14437412121268626213,,256,structured,,24,16,deep,,,1,depth,plain
go,fstree,fstree.resolve_entry,depth-4,1,0,256,0,,2251030,8793.0859375,2252000,0,637140,14437412121268626213,,256,structured,,4,16,deep,,,1,depth,plain
go,fstree,fstree.resolve_path,depth-1,1,0,256,0,,232303,907.43359375,196000,46000,637140,11225199624901261093,,256,structured,,1,16,deep,,,1,depth,plain
go,fstree,fstree.resolve_path,depth-12,1,0,256,0,,2657967,10382.68359375,2655000,0,637140,11225199624901261093,,256,structured,,12,16,deep,,,1,depth,plain
go,fstree,fstree.resolve_path,depth-24,1,0,256,0,,5286068,20648.703125,5229000,40000,637140,11225199624901261093,,256,structured,,24,16,deep,,,1,depth,plain
go,fstree,fstree.resolve_path,depth-4,1,0,256,0,,882025,3445.41015625,883000,0,637140,11225199624901261093,,256,structured,,4,16,deep,,,1,depth,plain
go,fstree,fstree.write_content,file-corpus,1,0,4,4194304,payload,3717,929.25,8000,2000,637140,9452751562815875973,4194304,,text,4,,,file-index,,,1,,
go,gc,gc.begin_write,gate-span,4,0,4096,0,,132142,32.26123046875,109000,26000,637140,2041016804563428133,,4096,structured,,,,,335,1500,4,,
go,gc,gc.close,idle,4,0,1,0,,290,290.0,2000,1000,637140,9929646806074584996,,1,structured,,,,,335,1500,4,,
go,gc,gc.open,populated,4,0,1,0,,45056,45056.0,39000,9000,637140,9929646806074584996,,1,structured,,,,,335,1500,4,,
go,gc,gc.prepare_ref,missing-root,4,0,64,0,,153453,2397.703125,187000,0,637140,5451865213850879781,,64,structured,,,,,335,1500,4,,
go,gc,gc.prepare_ref,tree-root/abort,4,0,1,0,,423248,423248.0,620000,146000,637140,4227135317676929313,,1,structured,,,,,335,1500,4,,
go,gc,gc.prepare_ref,tree-root/commit,4,0,1,0,,343696,343696.0,649000,0,637140,4227135317676929313,,1,structured,,,,,335,1500,4,,
go,gc,gc.release_ref,batch,4,0,4096,0,,26541,6.479736328125,24000,6000,637140,2041016804563428133,,4096,structured,,,,,335,1500,4,,
go,gc,gc.run,nothing-to-reclaim,4,0,1,0,,223097,223097.0,184000,44000,637140,16324574220398031026,,1,structured,,,,,335,1500,4,,
go,gc,gc.run,reclaimable-packs,4,0,1,0,,1002686,1002686.0,0,823000,637140,16592701548568039729,,1,structured,,,,,335,1500,4,,
go,gc,gc.status,mark+score,4,0,1,0,,352944,352944.0,351000,0,637140,13346445010563023024,,1,structured,,,,,335,1500,4,,
go,gc,gc.why,live-root,4,0,1,0,,45687,45687.0,42000,10000,637140,5171508924536841009,,1,structured,,,,,335,1500,4,,
go,gc,gc.wipe,store-reset,4,0,1,0,,463165,463165.0,0,460000,637140,9929646806074584996,,1,structured,,,,,335,1500,4,,
go,inbox,inbox.close,drained,4,0,1,0,,648609,648609.0,2714000,166000,637140,1,,8,structured,,,,,,256,4,,
go,inbox,inbox.commit,packs/duplicate,4,0,8,0,,164083,20510.375,135000,32000,637140,13380826962402805797,,8,structured,,,,,,256,4,,
go,inbox,inbox.discard,packs,4,0,8,0,,161107,20138.375,132000,32000,637140,904282771369140133,,8,structured,,,,,,256,4,,
go,inbox,inbox.drain,packs/new,4,0,8,2252288,payload,2544751,318093.875,11666000,1389000,637140,10757339752214078257,,8,structured,,,,,,256,4,,
go,inbox,inbox.open,empty,4,0,1,0,,65585,65585.0,56000,13000,637140,9929646806074584996,,1,structured,,,,,,,4,,
go,inbox,inbox.open,sweeps-staged-tmp-files,4,0,8,0,,182860,22857.5,0,183000,637140,9929646806074584996,,8,structured,,,,,,256,4,,
go,inbox,inbox.stage,packs,4,0,8,2252288,payload,1593243,199155.375,636000,152000,637140,15524701931411160903,,8,structured,,,,,,256,4,,
go,ingest,ingest.dir,single-file/jobs-1,1,0,1,524288,included,2738151,2738151.0,2487000,110000,637140,6085811459781643831,524288,,text,,,,,1,,1,,
go,ingest,ingest.dir,tree/fresh-store/jobs-1,1,0,335,7196448,included,74410385,222120.55223880598,72256000,75072000,637140,4496648679312690307,,,tree,335,,,,335,,1,,
go,ingest,ingest.dir,tree/fresh-store/jobs-N,4,0,335,7196448,included,34835256,103985.83880597015,133590000,34749000,637140,4496648679312690307,,,tree,335,,,,335,,4,,
go,ingest,ingest.dir,tree/incremental-change/jobs-1,1,0,343,7228128,included,22093335,64412.05539358601,44667000,8126000,637140,6443196893108394784,,,tree,343,,,,343,,1,,
go,ingest,ingest.dir,tree/incremental-change/jobs-N,4,0,343,7228128,included,26096721,76083.73469387754,79255000,38038000,637140,6443196893108394784,,,tree,343,,,,343,,4,,
go,ingest,ingest.dir,tree/unchanged-repeat/jobs-1,1,0,335,7196448,included,27509350,82117.46268656716,62972000,10185000,637140,11354262184208098167,,,tree,335,,,,335,,1,,
go,ingest,ingest.dir,tree/unchanged-repeat/jobs-N,4,0,335,7196448,included,20515340,61239.82089552239,78511000,14124000,637140,11354262184208098167,,,tree,335,,,,335,,4,,
go,ingest,ingest.objects,tree/jobs-1,1,0,335,7196448,included,25360626,75703.36119402986,63230000,4181000,637140,4723225237389412420,,,tree,335,,,,335,,1,,
go,ingest,ingest.objects,tree/jobs-N,4,0,335,7196448,included,18786908,56080.3223880597,71908000,8680000,637140,4723225237389412420,,,tree,335,,,,335,,4,,
go,ingest,ingest.scan,filtered/jobs-1,1,0,335,7196448,logical-scanned,902193,2693.1134328358207,903000,305000,637140,6850921036559016501,,,tree,335,,,,335,,1,,
go,ingest,ingest.scan,filtered/jobs-N,4,0,335,7196448,logical-scanned,472483,1410.3970149253732,905000,229000,637140,6850921036559016501,,,tree,335,,,,335,,4,,
go,ingest,ingest.scan,unfiltered/jobs-1,1,0,355,7229312,logical-scanned,506768,1427.5154929577466,0,907000,637140,15750783063742455338,,,tree,355,,,,355,,1,,
go,key,key.accessors,type+length+length_size+hash,1,0,800,0,,10711,13.38875,11000,3000,637140,8760245673030902978,32,200,structured,,,,,,,1,,
go,key,key.new,1MiB-duplicate,1,0,2,2097152,payload,439189,219594.5,355000,89000,637140,5209488968251123053,1048576,2,duplicate,,,,,,,1,item_bytes,duplicate
go,key,key.new,1MiB-random,1,0,1,1048576,payload,257923,257923.0,205000,52000,637140,15925149325079096327,1048576,1,random,,,,,,,1,item_bytes,random
go,key,key.new,1MiB-text,1,0,1,1048576,payload,249617,249617.0,202000,51000,637140,2958277344226461161,1048576,1,text,,,,,,,1,item_bytes,text
go,key,key.new,4KiB-duplicate,1,0,256,1048576,payload,456021,1781.33203125,368000,93000,637140,11091386869514493733,4096,256,duplicate,,,,,,,1,item_bytes,duplicate
go,key,key.new,4KiB-random,1,0,256,1048576,payload,483714,1889.5078125,390000,98000,637140,2591985898832607978,4096,256,random,,,,,,,1,item_bytes,random
go,key,key.new,4KiB-text,1,0,256,1048576,payload,534291,2087.07421875,429000,108000,637140,9427223196779851637,4096,256,text,,,,,,,1,item_bytes,text
go,key,key.new,empty,1,0,800,0,payload,90543,113.17875,75000,19000,637140,9414198682561129445,,800,empty,,,,,,,1,item_bytes,empty
go,key,key.new,large-8MiB-duplicate,1,0,2,16777216,payload,3854243,1927121.5,3829000,984000,637140,14710080878821492665,8388608,2,duplicate,,,,,,,1,item_bytes,duplicate
go,key,key.new,large-8MiB-random,1,0,1,8388608,payload,1921480,1921480.0,1916000,0,637140,14902405283868958466,8388608,1,random,,,,,,,1,item_bytes,random
go,key,key.new,large-8MiB-text,1,0,1,8388608,payload,1919246,1919246.0,1733000,183000,637140,18070168667611237286,8388608,1,text,,,,,,,1,item_bytes,text
go,key,key.new,tiny-64B-duplicate,1,0,16384,1048576,payload,1772436,108.180908203125,1347000,847000,637140,16551090344971838245,64,16384,duplicate,,,,,,,1,item_bytes,duplicate
go,key,key.new,tiny-64B-random,1,0,16384,1048576,payload,1749402,106.7750244140625,1748000,0,637140,9174902224779656527,64,16384,random,,,,,,,1,item_bytes,random
go,key,key.new,tiny-64B-text,1,0,16384,1048576,payload,1785751,108.99359130859375,1784000,0,637140,10843923535440728144,64,16384,text,,,,,,,1,item_bytes,text
go,key,key.new_from_hash,batch,1,0,200,0,,8596,42.98,9000,2000,637140,10870532026399392623,32,200,structured,,,,,,,1,,
go,key,key.parse,canonical,1,0,200,0,,7834,39.17,15000,4000,637140,5651899241083990432,32,200,structured,,,,,,,1,,
go,key,key.parse,malformed,1,0,1024,0,,67830,66.240234375,63000,16000,637140,16836505887970452261,32,1024,structured,,,,,,,1,,
go,key,key.string,hex,1,0,200,0,,18886,94.43,21000,5000,637140,12720191754914386025,32,200,structured,,,,,,,1,,
go,key,key.type_string,names,1,0,200,0,,2816,14.08,7000,2000,637140,14989825820457690661,32,200,structured,,,,,,,1,,
go,key,key.validate,canonical,1,0,200,0,,1473,7.365,2000,1000,637140,18244102546136779685,32,200,structured,,,,,,,1,,
go,packstore,packstore.append_record,pre-encoded+sync,1,0,64,2170880,payload,771925,12061.328125,505000,126000,637140,17419279140218033060,,64,structured,,,,,,64,1,,
go,packstore,packstore.barrier,begin+observe+abort,1,0,1500,0,,65906,43.937333333333335,55000,14000,637140,6357349777983336170,,1500,structured,,,,,,1500,1,,
go,packstore,packstore.close,populated,1,0,1,0,,368484,368484.0,128000,32000,637140,9929646806074584996,,1,structured,,,,,,1500,1,,
go,packstore,packstore.compact,90-percent-dead,1,0,1500,0,,1265407,843.6046666666666,250000,1068000,637140,15871199534630266432,,150,structured,,,,,,1500,1,,
go,packstore,packstore.compact,nothing-dead,1,0,1500,0,,476560,317.70666666666665,195000,49000,637140,15046620496757078854,,1500,structured,,,,,,1500,1,,
go,packstore,packstore.get,hit,1,0,200,0,,1597241,7986.205,1602000,0,637140,16079223106125108074,,200,structured,,,,,,1500,1,,
go,packstore,packstore.get,miss,1,0,200,0,,10781,53.905,12000,2000,637140,18244102546136779685,,200,structured,,,,,,1500,1,,
go,packstore,packstore.get_record,hit,1,0,200,0,,100572,502.86,83000,21000,637140,18358561438924658021,,200,structured,,,,,,1500,1,,
go,packstore,packstore.has,hit,1,0,200,0,,12204,61.02,12000,3000,637140,18244102546136779685,,200,structured,,,,,,1500,1,,
go,packstore,packstore.has,miss,1,0,200,0,,5792,28.96,7000,1000,637140,12197969927824375845,,200,structured,,,,,,1500,1,,
go,packstore,packstore.has_outside,sealed-segment,1,0,200,0,,9198,45.99,12000,0,637140,13878371768746970021,,200,structured,,,,,,1500,1,,
go,packstore,packstore.liveness,tenth-live,1,0,1,0,,32101,32101.0,35000,0,637140,5205627998636072345,,1,structured,,,,,,1500,1,,
go,packstore,packstore.mark_set_contains,all-keys,1,0,1500,0,,139015,92.67666666666666,144000,0,637140,9120671706275644133,,1500,structured,,,,,,1500,1,,
go,packstore,packstore.mark_set_mark,all-keys,1,0,1500,0,,91485,60.99,94000,0,637140,17858489613531792426,,1500,structured,,,,,,1500,1,,
go,packstore,packstore.missing,half-present,1,0,200,0,,21080,105.4,58000,0,637140,2951526793692769562,,200,structured,,,,,,1500,1,,
go,packstore,packstore.new_mark_set,snapshot,1,0,16,0,,307958,19247.375,311000,0,637140,9521082481390710053,,16,structured,,,,,,1500,1,,
go,packstore,packstore.oldest_inflight_write,idle,1,0,4096,0,,57289,13.986572265625,61000,0,637140,5245436759879025445,,4096,structured,,,,,,1500,1,,
go,packstore,packstore.open,empty,1,0,1,0,,23124,23124.0,26000,0,637140,12161962213042174405,,1,structured,,,,,,,1,,
go,packstore,packstore.open,populated-reopen,1,0,1,0,,209510,209510.0,217000,0,637140,4768729763816426308,,1,structured,,,,,,1500,1,,
go,packstore,packstore.put,1MiB-duplicate/sync-off,1,0,2,2097152,payload,1447245,723622.5,472000,866000,637140,6349179348336612933,1048576,2,duplicate,,,,,,,1,item_bytes,duplicate
go,packstore,packstore.put,1MiB-random/sync-off,1,0,1,1048576,payload,1079562,1079562.0,0,978000,637140,9929646806074584996,1048576,1,random,,,,,,,1,item_bytes,random
go,packstore,packstore.put,1MiB-text/sync-off,1,0,1,1048576,payload,4006864,4006864.0,3891000,0,637140,9929646806074584996,1048576,1,text,,,,,,,1,item_bytes,text
go,packstore,packstore.put,4KiB-duplicate/sync-off,1,0,32,131072,payload,174965,5467.65625,80000,0,637140,2581648123438765349,4096,32,duplicate,,,,,,,1,item_bytes,duplicate
go,packstore,packstore.put,4KiB-random/already-present,1,0,32,131072,payload,4379,136.84375,7000,0,637140,2581648123438765349,4096,32,random,,,,,,,1,item_bytes,random
go,packstore,packstore.put,4KiB-random/sync-off,1,0,32,131072,payload,559409,17481.53125,477000,0,637140,2581648123438765349,4096,32,random,,,,,,,1,item_bytes,random
go,packstore,packstore.put,4KiB-random/sync-on,1,0,32,131072,payload,3101725,96928.90625,895000,28000,637140,2581648123438765349,4096,32,random,,,,,,,1,item_bytes,random
go,packstore,packstore.put,4KiB-text/sync-off,1,0,32,131072,payload,1756646,54895.1875,1644000,0,637140,2581648123438765349,4096,32,text,,,,,,,1,item_bytes,text
go,packstore,packstore.put,empty/sync-off,1,0,800,0,payload,210623,263.27875,131000,0,637140,10562509280327877925,,800,empty,,,,,,,1,item_bytes,empty
go,packstore,packstore.put,large-8MiB-duplicate/sync-off,1,0,2,16777216,payload,17196510,8598255.0,7206000,9786000,637140,6349179348336612933,8388608,2,duplicate,,,,,,,1,item_bytes,duplicate
go,packstore,packstore.put,large-8MiB-random/sync-off,1,0,1,8388608,payload,8767819,8767819.0,3670000,3920000,637140,9929646806074584996,8388608,1,random,,,,,,,1,item_bytes,random
go,packstore,packstore.put,large-8MiB-text/sync-off,1,0,1,8388608,payload,26966133,26966133.0,26733000,0,637140,9929646806074584996,8388608,1,text,,,,,,,1,item_bytes,text
go,packstore,packstore.put,tiny-64B-duplicate/sync-off,1,0,2048,131072,payload,331734,161.9794921875,237000,0,637140,16542816270746034981,64,2048,duplicate,,,,,,,1,item_bytes,duplicate
go,packstore,packstore.put,tiny-64B-random/sync-off,1,0,2048,131072,payload,4740336,2314.6171875,3637000,1922000,637140,16542816270746034981,64,2048,random,,,,,,,1,item_bytes,random
go,packstore,packstore.put,tiny-64B-text/sync-off,1,0,2048,131072,payload,5202558,2540.3115234375,5066000,18000,637140,16542816270746034981,64,2048,text,,,,,,,1,item_bytes,text
go,packstore,packstore.put_verified,already-intact,1,0,25,0,,2032623,81304.92,2026000,4000,637140,3044543500333061412,,25,structured,,,,,,1500,1,,
go,packstore,packstore.record,by-location,1,0,200,0,,166468,832.34,137000,34000,637140,12249015396609790020,,200,structured,,,,,,1500,1,,
go,packstore,packstore.remove,one-sealed-segment,1,0,1,0,,105471,105471.0,90000,22000,637140,6349179348336612933,,1,structured,,,,,,1500,1,,
go,packstore,packstore.scan_index,all-segments,1,0,1500,0,,45316,30.21066666666667,41000,10000,637140,7335016615739413829,,1500,structured,,,,,,1500,1,,
go,packstore,packstore.segments,list,1,0,64,0,,178592,2790.5,179000,0,637140,9417667805301567269,,64,structured,,,,,,1500,1,,
go,packstore,packstore.sort_by_location,scattered,1,0,200,0,,36189,180.945,31000,8000,637140,16207658392933900512,,200,structured,,,,,,1500,1,,
go,packstore,packstore.stored_size,hit,1,0,200,0,,14488,72.44,16000,4000,637140,15797075037531158822,,200,structured,,,,,,1500,1,,
go,packstore,packstore.verify,full-scrub,1,0,1500,0,,11632732,7755.154666666666,11488000,102000,637140,9929646806074584996,,1500,structured,,,,,,1500,1,,
go,packstore,packstore.wipe,populated,1,0,1,0,,245238,245238.0,206000,51000,637140,12161962213042174405,,1,structured,,,,,,1500,1,,
go,packstore,packstore.write_batch,mixed-objects,1,0,1500,13248000,payload,51470413,34313.60866666667,47149000,3170000,637140,16626593026977353223,,1500,structured,,,,,,1500,1,,
go,packstore,packstore.write_parallel,duplicate-stream/writers-N,4,0,1500,13248000,payload,409633,273.08866666666665,460000,113000,637140,547706620528103114,,1500,duplicate,,,,,,1500,4,,
go,packstore,packstore.write_parallel,mixed-objects/writers-1/verify-false,1,0,1500,13248000,payload,51070388,34046.92533333333,41400000,11121000,637140,6357349777983336170,,1500,structured,,,,,,1500,1,,
go,packstore,packstore.write_parallel,mixed-objects/writers-1/verify-true,1,0,1500,13248000,payload,53391522,35594.348,46679000,7403000,637140,6357349777983336170,,1500,structured,,,,,,1500,1,,
go,packstore,packstore.write_parallel,mixed-objects/writers-N/verify-false,4,0,1500,13248000,payload,17512484,11674.989333333333,42231000,9516000,637140,6357349777983336170,,1500,structured,,,,,,1500,4,,
go,packstore,packstore.write_parallel,mixed-objects/writers-N/verify-true,4,0,1500,13248000,payload,18754336,12502.890666666666,49460000,5564000,637140,6357349777983336170,,1500,structured,,,,,,1500,4,,
go,reference,reference.decode,signed,1,0,256,81152,encoded,220832,862.625,180000,44000,637140,9423346386722356261,317,256,structured,,,,,,,1,,
go,reference,reference.encode,signed,1,0,256,81152,encoded,64914,253.5703125,71000,0,637140,1558907671059768101,317,256,structured,,,,,,,1,,
go,reference,reference.signature_payload,signed,1,0,256,0,,63923,249.69921875,67000,0,637140,5207887851867075365,,256,structured,,,,,,,1,,
go,reference,reference.validate_name,valid,1,0,256,0,,17032,66.53125,16000,4000,637140,17539378016686813989,,256,structured,,,,,,,1,,
go,reference,reference.validate_user,valid,1,0,256,0,,18315,71.54296875,17000,4000,637140,17539378016686813989,,256,structured,,,,,,,1,,
go,refstore,refstore.all,records,1,0,200,0,,98327,491.635,82000,20000,637140,10212420456999471717,,1,structured,200,,,,,,1,,
go,refstore,refstore.close,populated,1,0,1,0,,143855,143855.0,66000,16000,637140,1,,1,structured,200,,,,,,1,,
go,refstore,refstore.delete,records,1,0,200,0,,333818,1669.09,271000,65000,637140,18244102546136779685,,200,structured,200,,,,,,1,,
go,refstore,refstore.get,hit,1,0,200,0,,220732,1103.66,227000,0,637140,15016806640460493221,,200,structured,200,,,,,,1,,
go,refstore,refstore.get,miss,1,0,200,0,,44195,220.975,42000,10000,637140,18244102546136779685,,200,structured,200,,,,,,1,,
go,refstore,refstore.open,empty,1,0,1,0,,722390,722390.0,394000,0,637140,1,,1,structured,,,,,,,1,,
go,refstore,refstore.open,populated-reopen,1,0,1,0,,1040328,1040328.0,760000,0,637140,83,,1,structured,200,,,,,,1,,
go,refstore,refstore.put,records/sync-false,1,0,200,0,,76305,381.525,64000,15000,637140,18244102546136779685,,200,structured,200,,,,,,1,,
go,refstore,refstore.put,records/sync-true,1,0,200,0,,12163335,60816.675,1848000,448000,637140,18244102546136779685,,200,structured,200,,,,,,1,,
go,refstore,refstore.put_batch,records/sync-false,1,0,200,0,,20129,100.645,21000,5000,637140,15903185837530817421,,200,structured,200,,,,,,1,,
go,refstore,refstore.wipe,records,1,0,1,0,,137022,137022.0,113000,27000,637140,12161962213042174405,,1,structured,200,,,,,,1,,
go,tar,tarexport.write,fixture-tree,1,0,335,7852032,encoded,868699,2593.1313432835823,704000,170000,637140,4482371282425535546,,,tree,335,,,,335,,1,,
go,tar,tarextract.extract,fixture-tree,1,0,335,7852032,encoded,13723777,40966.49850746269,6499000,7168000,637140,4482371282425535546,,,tree,335,,,,335,,1,,
rust,amberignore,amberignore.descend,8-subdirs,1,0,512,0,,1679749,3280.759765625,747000,929000,284624,11838577130360562469,,,structured,512,1,,,,,1,,
rust,amberignore,amberignore.ignored,mixed-names,1,0,1024,0,,114118,111.443359375,87000,28000,284624,17033983874747237157,,,structured,1024,,,,,,1,,
rust,amberignore,amberignore.ignored,nil-matcher,1,0,1024,0,,221,0.2158203125,1000,0,284624,13389487554061181733,,,structured,1024,,,,,,1,,
rust,amberignore,amberignore.root,load-root,1,0,64,0,,284965,4452.578125,213000,69000,284624,3808676317670837029,,,structured,64,,,,,,1,,
rust,amberpack,amberpack.decode_payload,mixed-records/producer-go,1,0,64,1288865,encoded,660021,10312.828125,499000,161000,284624,17407356770391273955,,64,structured,,,,,,64,1,,
rust,amberpack,amberpack.decode_payload,mixed-records/producer-rust,1,0,64,1286787,encoded,602331,9411.421875,604000,0,284624,17407356770391273955,,64,structured,,,,,,64,1,,
rust,amberpack,amberpack.encode_record,1MiB-duplicate,1,0,2,2097152,payload,571071,285535.5,573000,0,284624,3055170925167752709,1048576,2,duplicate,,,,,,,1,item_bytes,duplicate
rust,amberpack,amberpack.encode_record,1MiB-random,1,0,1,1048576,payload,278252,278252.0,265000,0,284624,6342192483762135658,1048576,1,random,,,,,,,1,item_bytes,random
rust,amberpack,amberpack.encode_record,1MiB-text,1,0,1,1048576,payload,1803936,1803936.0,1789000,0,284624,17414928224229115335,1048576,1,text,,,,,,,1,item_bytes,text
rust,amberpack,amberpack.encode_record,4KiB-duplicate,1,0,256,1048576,payload,1058262,4133.8359375,1057000,0,284624,6119980832428016421,4096,256,duplicate,,,,,,,1,item_bytes,duplicate
rust,amberpack,amberpack.encode_record,4KiB-random,1,0,256,1048576,payload,1057190,4129.6484375,1056000,0,284624,12565210988273004431,4096,256,random,,,,,,,1,item_bytes,random
rust,amberpack,amberpack.encode_record,4KiB-text,1,0,256,1048576,payload,3494265,13649.47265625,3487000,0,284624,8400334471745585547,4096,256,text,,,,,,,1,item_bytes,text
rust,amberpack,amberpack.encode_record,empty,1,0,800,0,payload,224379,280.47375,225000,0,284624,11488096534593603877,,800,empty,,,,,,,1,item_bytes,empty
rust,amberpack,amberpack.encode_record,large-8MiB-duplicate,1,0,2,16777216,payload,10212869,5106434.5,3301000,6861000,296472,11090642185545363909,8388608,2,duplicate,,,,,,,1,item_bytes,duplicate
rust,amberpack,amberpack.encode_record,large-8MiB-random,1,0,1,8388608,payload,6229390,6229390.0,3391000,2802000,296472,16023285418421674942,8388608,1,random,,,,,,,1,item_bytes,random
rust,amberpack,amberpack.encode_record,large-8MiB-text,1,0,1,8388608,payload,14160049,14160049.0,14089000,1000,296472,9748008301829938607,8388608,1,text,,,,,,,1,item_bytes,text
rust,amberpack,amberpack.encode_record,tiny-64B-duplicate,1,0,16384,1048576,payload,9786084,597.295166015625,9751000,0,296472,15118262615421100837,64,16384,duplicate,,,,,,,1,item_bytes,duplicate
rust,amberpack,amberpack.encode_record,tiny-64B-random,1,0,16384,1048576,payload,10297831,628.5297241210938,10262000,0,296472,13667126546932280967,64,16384,random,,,,,,,1,item_bytes,random
rust,amberpack,amberpack.encode_record,tiny-64B-text,1,0,16384,1048576,payload,19206670,1172.2821044921875,19135000,0,296472,4540674614208161150,64,16384,text,,,,,,,1,item_bytes,text
rust,amberpack,amberpack.parse_record,corrupt-crc/producer-go,1,0,256,0,,26921,105.16015625,27000,0,296472,17539378016686813989,,256,structured,,,,,,,1,,
rust,amberpack,amberpack.parse_record,corrupt-crc/producer-rust,1,0,256,0,,26090,101.9140625,26000,0,296472,17539378016686813989,,256,structured,,,,,,,1,,
rust,amberpack,amberpack.parse_record,mixed-records/producer-go,1,0,64,1288865,encoded,162240,2535.0,163000,0,296472,18178966418845869789,,64,structured,,,,,,64,1,,
rust,amberpack,amberpack.parse_record,mixed-records/producer-rust,1,0,64,1286787,encoded,168342,2630.34375,166000,0,296472,14053298517544710450,,64,structured,,,,,,64,1,,
rust,amberpack,amberpack.reader_all,mixed-objects/producer-go,1,0,64,1288865,encoded,985052,15391.4375,971000,0,296472,14268707933356208065,,64,structured,,,,,,64,1,,
rust,amberpack,amberpack.reader_all,mixed-objects/producer-rust,1,0,64,1286787,encoded,877737,13714.640625,874000,0,296472,14268707933356208065,,64,structured,,,,,,64,1,,
rust,amberpack,amberpack.reader_all,truncated-stream/producer-go,1,0,64,0,,27282728,426292.625,27179000,0,296472,9400551539395377445,644432,64,structured,,,,,,,1,,
rust,amberpack,amberpack.reader_all,truncated-stream/producer-rust,1,0,64,0,,25757955,402468.046875,25651000,0,296472,9400551539395377445,643393,64,structured,,,,,,,1,,
rust,amberpack,amberpack.reader_records,mixed-objects/producer-go,1,0,64,1288865,encoded,182399,2849.984375,183000,0,296472,5414011647278046317,,64,structured,,,,,,64,1,,
rust,amberpack,amberpack.reader_records,mixed-objects/producer-rust,1,0,64,1286787,encoded,181838,2841.21875,182000,0,296472,10040061540029894638,,64,structured,,,,,,64,1,,
rust,amberpack,amberpack.writer_add,mixed-objects,1,0,64,2170880,payload,2617851,40903.921875,2611000,0,296472,15738792658814084779,,64,structured,,,,,,64,1,,
rust,amberpack,amberpack.writer_add_record,pre-encoded-records/producer-go,1,0,64,1288865,encoded,1212,18.9375,1000,0,296472,3853249909713365497,,64,structured,,,,,,64,1,,
rust,amberpack,amberpack.writer_add_record,pre-encoded-records/producer-rust,1,0,64,1286787,encoded,861,13.453125,1000,0,296472,15738792658814084779,,64,structured,,,,,,64,1,,
rust,binaryfuse,binaryfuse.contains,store-keys/rust-only,1,0,1500,0,,4389,2.926,5000,0,296472,1500,,,,,,,,,,1,,
rust,binaryfuse,binaryfuse.new,store-keys/rust-only,1,0,1500,0,,24076,16.050666666666668,25000,0,296472,4125,,,,,,,,,,1,,
rust,binaryfuse,binaryfuse.parse_section,store-keys/rust-only,1,0,16,0,,2224,139.0,3000,0,296472,16,,,,,,,,,,1,,
rust,binaryfuse,binaryfuse.section_bytes,store-keys/rust-only,1,0,16,0,,2585,161.5625,3000,0,296472,66000,,,,,,,,,,1,,
rust,cbor,cbor.decode_xattrs,xattrs-3,1,0,64,4544,encoded,12524,195.6875,13000,0,296472,10124439526398863653,71,64,structured,3,,,,,,1,,
rust,cbor,cbor.decode_xattrs,xattrs-64,1,0,64,282752,encoded,358365,5599.453125,359000,0,296472,5919729855399850789,4418,64,structured,64,,,,,,1,,
rust,cbor,cbor.encode_xattrs,xattrs-3,1,0,64,4544,encoded,17544,274.125,18000,0,296472,7087683166235696933,71,64,structured,3,,,,,,1,,
rust,cbor,cbor.encode_xattrs,xattrs-64,1,0,64,282752,encoded,299041,4672.515625,300000,0,296472,7055603837320979365,4418,64,structured,64,,,,,,1,,
rust,cbor,cbor.head_primitives,append+read/rust-only,1,0,16384,0,,82548,5.038330078125,83000,0,296472,12836905238751536933,,,,,,,,,,1,,
rust,chunkers,chunkers.item_chunker,is_boundary/bits-7,1,0,200,0,,6142,30.71,7000,0,296472,2996728193258603621,32,200,structured,,,,,,,1,,
rust,chunkers,chunkers.new_item_chunker,bits-4..12,1,0,2304,0,,29677,12.88064236111111,30000,0,296472,10832436384879348517,,2304,structured,,,,,,,1,,
rust,chunkers,chunkers.split_bytes,compressible/4-16-64KiB,1,0,64,4194304,payload,2709996,42343.6875,2702000,0,296472,4555664296064952101,4194304,1,text,64,,,,,,1,,
rust,chunkers,chunkers.split_bytes,compressible/default-sizes,1,0,4,4194304,payload,2667746,666936.5,2648000,0,296472,14312206821874964901,4194304,1,text,4,,,,,,1,,
rust,chunkers,chunkers.split_bytes,random/default-sizes,1,0,54,4194304,payload,2491299,46135.166666666664,2486000,0,296472,4614777541258644474,4194304,1,random,54,,,,,,1,,
rust,chunkers,chunkers.split_bytes,tiny-64KiB/default-sizes,1,0,1,65536,payload,22383,22383.0,23000,0,296472,14713704181997794188,65536,1,text,1,,,,,,1,,
rust,fstree,fstree.check_complete,incomplete/jobs-1,1,0,1,0,,15129,15129.0,15000,0,296472,15567951148124569360,,,structured,16,,,wide,,,1,,
rust,fstree,fstree.check_complete,widest/jobs-1,1,0,40257,0,,14305588,355.3565342673324,14256000,0,296472,8781341933545400491,,,structured,40000,,40000,wide,,40257,1,,
rust,fstree,fstree.check_complete,widest/jobs-N,4,0,40257,0,,6763209,168.0008197332141,20399000,120000,296472,8781341933545400491,,,structured,40000,,40000,wide,,40257,4,,
rust,fstree,fstree.check_complete,width-16/jobs-1,1,0,17,0,,9868,580.4705882352941,8000,2000,296472,8753205170136912308,,,structured,16,,16,wide,,17,1,width,plain
rust,fstree,fstree.check_complete,width-256/jobs-1,1,0,259,0,,93719,361.8494208494208,92000,0,296472,10166096353870829249,,,structured,256,,256,wide,,259,1,width,plain
rust,fstree,fstree.check_complete,width-40000/jobs-1,1,0,40257,0,,10959957,272.24972054549517,10918000,0,296472,8781341933545400491,,,structured,40000,,40000,wide,,40257,1,width,plain
rust,fstree,fstree.check_complete,width-4096/jobs-1,1,0,4122,0,,1297709,314.82508491023776,1295000,0,296472,2551262535976545999,,,structured,4096,,4096,wide,,4122,1,width,plain
rust,fstree,fstree.child_keys,dir-leaf-128,1,0,64,0,,1888538,29508.40625,1883000,0,296472,9537427053040457253,,64,structured,128,,,,,,1,,
rust,fstree,fstree.child_keys,dir-node-128,1,0,64,0,,937741,14652.203125,936000,0,296472,1477312231372574501,,64,structured,128,,,,,,1,,
rust,fstree,fstree.child_keys,file-node-1024,1,0,64,0,,4635054,72422.71875,4627000,0,296472,7701241629847960229,,64,structured,1024,,,,,,1,,
rust,fstree,fstree.collect_entries,width-16,1,0,16,0,,11762,735.125,12000,0,296472,8341622732183221560,,,structured,16,1,16,wide,,17,1,width,plain
rust,fstree,fstree.collect_entries,width-256,1,0,256,0,,55306,216.0390625,56000,0,296472,5488379839664258588,,,structured,256,1,256,wide,,259,1,width,plain
rust,fstree,fstree.collect_entries,width-40000,1,0,40000,0,,8692725,217.318125,8670000,0,296472,14993720166178614202,,,structured,40000,1,40000,wide,,40257,1,width,plain
rust,fstree,fstree.collect_entries,width-4096,1,0,4096,0,,882336,215.4140625,880000,0,296472,13256494381648301123,,,structured,4096,1,4096,wide,,4122,1,width,plain
rust,fstree,fstree.decode_dir_leaf,entries-1024,1,0,65536,4849856,encoded,13986088,213.4107666015625,13938000,0,296472,4752332038147119141,75779,64,structured,1024,,,leaf,,,1,entries,plain
rust,fstree,fstree.decode_dir_leaf,entries-128,1,0,8192,606336,encoded,1740214,212.428466796875,1737000,0,296472,13453085420543655461,9474,64,structured,128,,,leaf,,,1,entries,plain
rust,fstree,fstree.decode_dir_leaf,entries-128-partial-change,1,0,8192,680064,encoded,1828914,223.256103515625,1825000,0,296472,868920460316997157,10626,64,partial-change,128,,,leaf,,,1,entries,partial-change
rust,fstree,fstree.decode_dir_leaf,entries-128-with-xattrs,1,0,8192,680064,encoded,1817682,221.885009765625,1816000,0,296472,13453085420543655461,10626,64,structured,128,,,leaf,,,1,entries,with-xattrs
rust,fstree,fstree.decode_dir_leaf,entries-8,1,0,512,37952,encoded,110762,216.33203125,109000,0,296472,13863560569644134693,593,64,structured,8,,,leaf,,,1,entries,plain
rust,fstree,fstree.decode_dir_node,pairs-1024,1,0,65536,3276992,encoded,6349860,96.89117431640625,6323000,0,296472,11961031557855502117,51203,64,structured,1024,,,index,,,1,entries,plain
rust,fstree,fstree.decode_dir_node,pairs-128,1,0,8192,409728,encoded,807062,98.518310546875,806000,0,296472,9182210741442831141,6402,64,structured,128,,,index,,,1,entries,plain
rust,fstree,fstree.decode_dir_node,pairs-8,1,0,512,25664,encoded,44916,87.7265625,46000,0,296472,8467071135069708069,401,64,structured,8,,,index,,,1,entries,plain
rust,fstree,fstree.decode_file_node,children-1024,1,0,65536,2228416,encoded,4550813,69.43989562988281,4531000,0,296472,7701241629847960229,34819,64,structured,1024,,,file-index,,,1,entries,plain
rust,fstree,fstree.decode_file_node,children-128,1,0,8192,278656,encoded,555371,67.7943115234375,554000,0,296472,934824099510310693,4354,64,structured,128,,,file-index,,,1,entries,plain
rust,fstree,fstree.decode_file_node,children-65536,1,0,4194304,142606656,encoded,294071769,70.11217331886292,292781000,0,296472,3370106694439645093,2228229,64,structured,65536,,,file-index,,,1,entries,plain
rust,fstree,fstree.decode_file_node,children-8,1,0,512,17472,encoded,34375,67.138671875,35000,0,296472,6032738727359362853,273,64,structured,8,,,file-index,,,1,entries,plain
rust,fstree,fstree.dir_builder,entries-16,1,0,16,0,,8927,557.9375,10000,0,296472,17327107032425722273,,,structured,16,1,16,wide,,,1,entries,plain
rust,fstree,fstree.dir_builder,entries-256,1,0,256,0,,88649,346.28515625,90000,0,296472,6965094703770672903,,,structured,256,1,256,wide,,,1,entries,plain
rust,fstree,fstree.dir_builder,entries-40000,1,0,40000,0,,12824388,320.6097,12775000,0,296472,5451962816014331386,,,structured,40000,1,40000,wide,,,1,entries,plain
rust,fstree,fstree.dir_builder,entries-4096,1,0,4096,0,,1263484,308.4677734375,1262000,0,296472,13286298812054168386,,,structured,4096,1,4096,wide,,,1,entries,plain
rust,fstree,fstree.encode_blob,1MiB-duplicate,1,0,2,2097152,payload,275376,137688.0,277000,0,296472,3327845511934643117,1048576,2,duplicate,,,,,,,1,item_bytes,duplicate
rust,fstree,fstree.encode_blob,1MiB-random,1,0,1,1048576,payload,137152,137152.0,138000,0,296472,2533466760707363185,1048576,1,random,,,,,,,1,item_bytes,random
rust,fstree,fstree.encode_blob,1MiB-text,1,0,1,1048576,payload,152752,152752.0,138000,0,296472,10591185964127964225,1048576,1,text,,,,,,,1,item_bytes,text
rust,fstree,fstree.encode_blob,4KiB-duplicate,1,0,256,1048576,payload,290986,1136.6640625,291000,0,296472,17774233822483135269,4096,256,duplicate,,,,,,,1,item_bytes,duplicate
rust,fstree,fstree.encode_blob,4KiB-random,1,0,256,1048576,payload,291156,1137.328125,292000,0,296472,15260574016213831028,4096,256,random,,,,,,,1,item_bytes,random
rust,fstree,fstree.encode_blob,4KiB-text,1,0,256,1048576,payload,294442,1150.1640625,293000,0,296472,10050851277088507205,4096,256,text,,,,,,,1,item_bytes,text
rust,fstree,fstree.encode_blob,empty,1,0,800,0,payload,72619,90.77375,73000,0,296472,11950893846623745253,,800,empty,,,,,,,1,item_bytes,empty
rust,fstree,fstree.encode_blob,large-8MiB-duplicate,1,0,2,16777216,payload,2299272,1149636.0,2291000,0,296472,6013579253605003965,8388608,2,duplicate,,,,,,,1,item_bytes,duplicate
rust,fstree,fstree.encode_blob,large-8MiB-random,1,0,1,8388608,payload,1091314,1091314.0,1089000,0,296472,18309876851832907018,8388608,1,random,,,,,,,1,item_bytes,random
rust,fstree,fstree.encode_blob,large-8MiB-text,1,0,1,8388608,payload,1092037,1092037.0,1090000,0,296472,9430261300512049942,8388608,1,text,,,,,,,1,item_bytes,text
rust,fstree,fstree.encode_blob,tiny-64B-duplicate,1,0,16384,1048576,payload,1812022,110.5970458984375,1811000,0,296472,8354136380780258085,64,16384,duplicate,,,,,,,1,item_bytes,duplicate
rust,fstree,fstree.encode_blob,tiny-64B-random,1,0,16384,1048576,payload,1808164,110.361572265625,1804000,0,296472,1495078422366159392,64,16384,random,,,,,,,1,item_bytes,random
rust,fstree,fstree.encode_blob,tiny-64B-text,1,0,16384,1048576,payload,1824756,111.374267578125,1821000,0,296472,8258853772002371914,64,16384,text,,,,,,,1,item_bytes,text
rust,fstree,fstree.encode_dir_leaf,entries-1024,1,0,65536,4849856,encoded,3059404,46.68280029296875,3053000,0,296472,14926286625942829477,75779,64,structured,1024,,,leaf,,,1,entries,plain
rust,fstree,fstree.encode_dir_leaf,entries-128,1,0,8192,606336,encoded,482642,58.916259765625,481000,0,296472,1374923134133451557,9474,64,structured,128,,,leaf,,,1,entries,plain
rust,fstree,fstree.encode_dir_leaf,entries-128-partial-change,1,0,8192,680064,encoded,543678,66.366943359375,545000,0,296472,4655539362595262373,10626,64,partial-change,128,,,leaf,,,1,entries,partial-change
rust,fstree,fstree.encode_dir_leaf,entries-128-with-xattrs,1,0,8192,680064,encoded,562004,68.60400390625,548000,0,296472,13784683988985435685,10626,64,structured,128,,,leaf,,,1,entries,with-xattrs
rust,fstree,fstree.encode_dir_leaf,entries-8,1,0,512,37952,encoded,67669,132.166015625,68000,0,296472,9483523244623033125,593,64,structured,8,,,leaf,,,1,entries,plain
rust,fstree,fstree.encode_dir_node,pairs-1024,1,0,65536,3276992,encoded,2025268,30.90313720703125,2021000,0,296472,13134739177949024805,51203,64,structured,1024,,,index,,,1,entries,plain
rust,fstree,fstree.encode_dir_node,pairs-128,1,0,8192,409728,encoded,352173,42.9898681640625,352000,0,296472,8693509944766546085,6402,64,structured,128,,,index,,,1,entries,plain
rust,fstree,fstree.encode_dir_node,pairs-8,1,0,512,25664,encoded,46108,90.0546875,46000,0,296472,5615932682167956261,401,64,structured,8,,,index,,,1,entries,plain
rust,fstree,fstree.encode_file_node,children-1024,1,0,65536,2228416,encoded,869711,13.270736694335938,868000,0,296472,7106826622917578021,34819,64,structured,1024,,,file-index,,,1,entries,plain
rust,fstree,fstree.encode_file_node,children-128,1,0,8192,278656,encoded,157170,19.185791015625,158000,0,296472,14969072261990374693,4354,64,structured,128,,,file-index,,,1,entries,plain
rust,fstree,fstree.encode_file_node,children-65536,1,0,4194304,142606656,encoded,52287894,12.466405391693115,52072000,0,296472,7201247303332347429,2228229,64,structured,65536,,,file-index,,,1,entries,plain
rust,fstree,fstree.encode_file_node,children-8,1,0,512,17472,encoded,24056,46.984375,24000,0,296472,6472471074395739557,273,64,structured,8,,,file-index,,,1,entries,plain
rust,fstree,fstree.encode_xattr_set,xattrs-64,1,0,4096,0,,409383,99.947021484375,407000,0,296472,4027580594042018341,,64,structured,64,,,,,,1,,
rust,fstree,fstree.index_builder_file,children-1024,1,0,1024,0,,72619,70.9169921875,73000,0,296472,9757242120474664615,,,structured,1024,,1024,file-index,,,1,entries,plain
rust,fstree,fstree.index_builder_file,children-128,1,0,128,0,,9037,70.6015625,10000,0,296472,5516234319160730044,,,structured,128,,128,file-index,,,1,entries,plain
rust,fstree,fstree.index_builder_file,children-65536,1,0,65536,0,,4541726,69.30123901367188,4532000,0,296472,16475152812802804162,,,structured,65536,,65536,file-index,,,1,entries,plain
rust,fstree,fstree.index_builder_file,children-8,1,0,8,0,,782,97.75,1000,0,296472,5481630882257051986,,,structured,8,,8,file-index,,,1,entries,plain
rust,fstree,fstree.list_entries,widest/first-page-100,1,0,6400,0,,5481792,856.53,5456000,0,296472,10287959357742859045,,64,structured,40000,1,40000,wide,,,1,,
rust,fstree,fstree.list_entries,width-16/full-paging-100,1,0,16,0,,10220,638.75,10000,0,296472,8647329350532786293,,,structured,16,1,16,wide,,17,1,width,plain
rust,fstree,fstree.list_entries,width-256/full-paging-100,1,0,256,0,,103107,402.76171875,103000,0,296472,13846005503640562525,,,structured,256,1,256,wide,,259,1,width,plain
rust,fstree,fstree.list_entries,width-40000/full-paging-100,1,0,40000,0,,33285935,832.148375,33162000,0,296472,14411079679319204100,,,structured,40000,1,40000,wide,,40257,1,width,plain
rust,fstree,fstree.list_entries,width-4096/full-paging-100,1,0,4096,0,,2917654,712.31787109375,2912000,0,296472,11900522544021708933,,,structured,4096,1,4096,wide,,4122,1,width,plain
rust,fstree,fstree.lookup_entry,width-16/hit,1,0,200,0,,581711,2908.555,580000,0,296472,5228808254969208636,,,structured,16,1,16,wide,,17,1,width,hit
rust,fstree,fstree.lookup_entry,width-16/miss,1,0,200,0,,581801,2909.005,582000,0,296472,18244102546136779685,,,structured,16,1,16,wide,,17,1,width,miss
rust,fstree,fstree.lookup_entry,width-256/hit,1,0,200,0,,5113308,25566.54,5091000,0,296472,16593571774314951507,,,structured,256,1,256,wide,,259,1,width,hit
rust,fstree,fstree.lookup_entry,width-256/miss,1,0,200,0,,44114,220.57,45000,0,296472,18244102546136779685,,,structured,256,1,256,wide,,259,1,width,miss
rust,fstree,fstree.lookup_entry,width-40000/hit,1,0,200,0,,12855978,64279.89,12806000,0,296472,12084480671124927790,,,structured,40000,1,40000,wide,,40257,1,width,hit
rust,fstree,fstree.lookup_entry,width-40000/miss,1,0,200,0,,44055,220.275,45000,0,296472,18244102546136779685,,,structured,40000,1,40000,wide,,40257,1,width,miss
rust,fstree,fstree.lookup_entry,width-4096/hit,1,0,200,0,,10556846,52784.23,10517000,0,296472,17057648340793700057,,,structured,4096,1,4096,wide,,4122,1,width,hit
rust,fstree,fstree.lookup_entry,width-4096/miss,1,0,200,0,,405615,2028.075,406000,0,296472,18244102546136779685,,,structured,4096,1,4096,wide,,4122,1,width,miss
rust,fstree,fstree.reachable_keys,deep,0,0,24,0,,1037722,43238.416666666664,1968000,0,296472,5223880262323894244,,,structured,,24,,deep,,,,,
rust,fstree,fstree.reachable_keys,file-corpus,0,0,4,0,,84231,21057.75,122000,0,296472,1000385178204227360,,,text,4,,,file-index,,,,,
rust,fstree,fstree.reachable_keys,width-16,0,0,17,0,,107345,6314.411764705882,208000,0,296472,8753205170136912308,,,structured,16,1,16,wide,,17,,width,plain
rust,fstree,fstree.reachable_keys,width-256,0,0,259,0,,181356,700.2162162162163,333000,0,296472,10166096353870829249,,,structured,256,1,256,wide,,259,,width,plain
rust,fstree,fstree.reachable_keys,width-40000,0,0,40257,0,,4378043,108.75234120774027,16631000,79000,296472,8781341933545400491,,,structured,40000,1,40000,wide,,40257,,width,plain
rust,fstree,fstree.reachable_keys,width-4096,0,0,4122,0,,591580,143.5177098495876,1027000,821000,296472,2551262535976545999,,,structured,4096,1,4096,wide,,4122,,width,plain
rust,fstree,fstree.resolve_entry,depth-1,1,0,256,0,,867758,3389.6796875,886000,165000,296472,14437412121268626213,,256,structured,,1,16,deep,,,1,depth,plain
rust,fstree,fstree.resolve_entry,depth-12,1,0,256,0,,2101204,8207.828125,2096000,0,296472,14437412121268626213,,256,structured,,12,16,deep,,,1,depth,plain
rust,fstree,fstree.resolve_entry,depth-24,1,0,256,0,,3472363,13563.91796875,3467000,0,296472,14437412121268626213,,256,structured,,24,16,deep,,,1,depth,plain
rust,fstree,fstree.resolve_entry,depth-4,1,0,256,0,,1193781,4663.20703125,1193000,0,296472,14437412121268626213,,256,structured,,4,16,deep,,,1,depth,plain
rust,fstree,fstree.resolve_path,depth-1,1,0,256,0,,118727,463.77734375,119000,0,296472,11225199624901261093,,256,structured,,1,16,deep,,,1,depth,plain
rust,fstree,fstree.resolve_path,depth-12,1,0,256,0,,1343667,5248.69921875,1339000,0,296472,11225199624901261093,,256,structured,,12,16,deep,,,1,depth,plain
rust,fstree,fstree.resolve_path,depth-24,1,0,256,0,,2705098,10566.7890625,2562000,136000,296472,11225199624901261093,,256,structured,,24,16,deep,,,1,depth,plain
rust,fstree,fstree.resolve_path,depth-4,1,0,256,0,,465509,1818.39453125,464000,0,296472,11225199624901261093,,256,structured,,4,16,deep,,,1,depth,plain
rust,fstree,fstree.write_content,file-corpus,1,0,4,4194304,payload,146190,36547.5,146000,0,296472,9452751562815875973,4194304,,text,4,,,file-index,,,1,,
rust,gc,gc.close,idle,4,0,1,0,,1152,1152.0,1000,0,296472,9929646806074584996,,1,structured,,,,,335,1500,4,,
rust,gc,gc.open,populated,4,0,1,0,,31410,31410.0,27000,5000,296472,9929646806074584996,,1,structured,,,,,335,1500,4,,
rust,gc,gc.prepare_ref,missing-root,4,0,64,0,,9178,143.40625,8000,2000,296472,5451865213850879781,,64,structured,,,,,335,1500,4,,
rust,gc,gc.prepare_ref,tree-root/abort,4,0,1,0,,420513,420513.0,1036000,202000,296472,4227135317676929313,,1,structured,,,,,335,1500,4,,
rust,gc,gc.prepare_ref,tree-root/commit,4,0,1,0,,375056,375056.0,862000,170000,296472,4227135317676929313,,1,structured,,,,,335,1500,4,,
rust,gc,gc.release_ref,batch,4,0,4096,0,,3566,0.87060546875,4000,1000,296472,2041016804563428133,,4096,structured,,,,,335,1500,4,,
rust,gc,gc.run,nothing-to-reclaim,4,0,1,0,,181607,181607.0,0,183000,296472,16324574220398031026,,1,structured,,,,,335,1500,4,,
rust,gc,gc.run,reclaimable-packs,4,0,1,0,,1013266,1013266.0,1220000,0,296472,16592701548568039729,,1,structured,,,,,335,1500,4,,
rust,gc,gc.status,mark+score,4,0,1,0,,214660,214660.0,180000,37000,296472,13346445010563023024,,1,structured,,,,,335,1500,4,,
rust,gc,gc.why,live-root,4,0,1,0,,5590,5590.0,0,6000,296472,5171508924536841009,,1,structured,,,,,335,1500,4,,
rust,gc,gc.wipe,store-reset,4,0,1,0,,430993,430993.0,344000,72000,296472,9929646806074584996,,1,structured,,,,,335,1500,4,,
rust,inbox,inbox.close,drained,4,0,1,0,,1613723,1613723.0,3316000,6259000,296472,9929646806074584996,,8,structured,,,,,,256,4,,
rust,inbox,inbox.commit,packs/duplicate,4,0,8,0,,170265,21283.125,141000,30000,296472,13380826962402805797,,8,structured,,,,,,256,4,,
rust,inbox,inbox.discard,packs,4,0,8,0,,149886,18735.75,124000,26000,296472,904282771369140133,,8,structured,,,,,,256,4,,
rust,inbox,inbox.drain,packs/new,4,0,8,2252288,payload,2250078,281259.75,11303000,2702000,296472,10757339752214078257,,8,structured,,,,,,256,4,,
rust,inbox,inbox.open,empty,4,0,1,0,,84231,84231.0,0,112000,296472,9929646806074584996,,1,structured,,,,,,,4,,
rust,inbox,inbox.open,sweeps-staged-tmp-files,4,0,8,0,,221253,27656.625,203000,44000,296472,9929646806074584996,,8,structured,,,,,,256,4,,
rust,inbox,inbox.stage,packs,4,0,8,2252288,payload,1464517,183064.625,747000,0,296472,15751841609402026356,,8,structured,,,,,,256,4,,
rust,ingest,ingest.dir,single-file/jobs-1,1,0,1,524288,included,2162510,2162510.0,2065000,10000,296472,6085811459781643831,524288,,text,,,,,1,,1,,
rust,ingest,ingest.dir,tree/fresh-store/jobs-1,1,0,335,7196448,included,14569902,43492.244776119405,20379000,2067000,301236,4496648679312690307,,,tree,335,,,,335,,1,,
rust,ingest,ingest.dir,tree/fresh-store/jobs-N,4,0,335,7196448,included,9947433,29693.829850746268,18668000,9208000,309172,4496648679312690307,,,tree,335,,,,335,,4,,
rust,ingest,ingest.dir,tree/incremental-change/jobs-1,1,0,343,7228128,included,7177992,20927.090379008747,7987000,3002000,309188,6443196893108394784,,,tree,343,,,,343,,1,,
rust,ingest,ingest.dir,tree/incremental-change/jobs-N,4,0,343,7228128,included,6810470,19855.597667638485,6825000,9037000,312004,6443196893108394784,,,tree,343,,,,343,,4,,
rust,ingest,ingest.dir,tree/unchanged-repeat/jobs-1,1,0,335,7196448,included,8303392,24786.2447761194,9465000,2318000,314308,11354262184208098167,,,tree,335,,,,335,,1,,
rust,ingest,ingest.dir,tree/unchanged-repeat/jobs-N,4,0,335,7196448,included,6297981,18799.943283582088,8543000,7620000,315332,11354262184208098167,,,tree,335,,,,335,,4,,
rust,ingest,ingest.objects,tree/jobs-1,1,0,335,7196448,included,7573427,22607.2447761194,4382000,5555000,317100,4723225237389412420,,,tree,335,,,,335,,1,,
rust,ingest,ingest.objects,tree/jobs-N,4,0,335,7196448,included,6458617,19279.453731343285,5999000,9562000,318124,4723225237389412420,,,tree,335,,,,335,,4,,
rust,ingest,ingest.scan,filtered/jobs-1,1,0,335,7196448,logical-scanned,980543,2926.9940298507463,690000,1176000,318124,6850921036559016501,,,tree,335,,,,335,,1,,
rust,ingest,ingest.scan,filtered/jobs-N,4,0,335,7196448,logical-scanned,1049134,3131.7432835820896,1096000,2279000,318124,6850921036559016501,,,tree,335,,,,335,,4,,
rust,ingest,ingest.scan,unfiltered/jobs-1,1,0,355,7229312,logical-scanned,499374,1406.687323943662,780000,186000,318124,15750783063742455338,,,tree,355,,,,355,,1,,
rust,key,key.accessors,type+length+length_size+hash,1,0,800,0,,7374,9.2175,19000,4000,318124,8760245673030902978,32,200,structured,,,,,,,1,,
rust,key,key.new,1MiB-duplicate,1,0,2,2097152,payload,350579,175289.5,347000,0,318124,5209488968251123053,1048576,2,duplicate,,,,,,,1,item_bytes,duplicate
rust,key,key.new,1MiB-random,1,0,1,1048576,payload,171778,171778.0,172000,0,318124,15925149325079096327,1048576,1,random,,,,,,,1,item_bytes,random
rust,key,key.new,1MiB-text,1,0,1,1048576,payload,172810,172810.0,174000,0,318124,2958277344226461161,1048576,1,text,,,,,,,1,item_bytes,text
rust,key,key.new,4KiB-duplicate,1,0,256,1048576,payload,340140,1328.671875,334000,6000,318124,11091386869514493733,4096,256,duplicate,,,,,,,1,item_bytes,duplicate
rust,key,key.new,4KiB-random,1,0,256,1048576,payload,340500,1330.078125,337000,0,318124,2591985898832607978,4096,256,random,,,,,,,1,item_bytes,random
rust,key,key.new,4KiB-text,1,0,256,1048576,payload,337625,1318.84765625,339000,0,318124,9427223196779851637,4096,256,text,,,,,,,1,item_bytes,text
rust,key,key.new,empty,1,0,800,0,payload,63311,79.13875,64000,0,318124,9414198682561129445,,800,empty,,,,,,,1,item_bytes,empty
rust,key,key.new,large-8MiB-duplicate,1,0,2,16777216,payload,2807613,1403806.5,2797000,0,318124,14710080878821492665,8388608,2,duplicate,,,,,,,1,item_bytes,duplicate
rust,key,key.new,large-8MiB-random,1,0,1,8388608,payload,1338327,1338327.0,1337000,0,318124,14902405283868958466,8388608,1,random,,,,,,,1,item_bytes,random
rust,key,key.new,large-8MiB-text,1,0,1,8388608,payload,1481319,1481319.0,1391000,0,318124,18070168667611237286,8388608,1,text,,,,,,,1,item_bytes,text
rust,key,key.new,tiny-64B-duplicate,1,0,16384,1048576,payload,1376579,84.01971435546875,1374000,0,318124,16551090344971838245,64,16384,duplicate,,,,,,,1,item_bytes,duplicate
rust,key,key.new,tiny-64B-random,1,0,16384,1048576,payload,1417808,86.5361328125,1416000,0,318124,9174902224779656527,64,16384,random,,,,,,,1,item_bytes,random
rust,key,key.new,tiny-64B-text,1,0,16384,1048576,payload,1416406,86.4505615234375,1409000,0,318124,10843923535440728144,64,16384,text,,,,,,,1,item_bytes,text
rust,key,key.new_from_hash,batch,1,0,200,0,,7214,36.07,8000,0,318124,10870532026399392623,32,200,structured,,,,,,,1,,
rust,key,key.parse,canonical,1,0,200,0,,5420,27.1,6000,0,318124,5651899241083990432,32,200,structured,,,,,,,1,,
rust,key,key.parse,malformed,1,0,1024,0,,1032,1.0078125,2000,0,318124,16836505887970452261,32,1024,structured,,,,,,,1,,
rust,key,key.string,hex,1,0,200,0,,92887,464.435,94000,0,318124,12720191754914386025,32,200,structured,,,,,,,1,,
rust,key,key.type_string,names,1,0,200,0,,3146,15.73,4000,0,318124,14989825820457690661,32,200,structured,,,,,,,1,,
rust,key,key.validate,canonical,1,0,200,0,,231,1.155,1000,0,318124,18244102546136779685,32,200,structured,,,,,,,1,,
rust,packstore,packstore.append_record,pre-encoded+sync,1,0,64,2170880,payload,728051,11375.796875,609000,0,318124,17419279140218033060,,64,structured,,,,,,64,1,,
rust,packstore,packstore.barrier,begin+observe+abort,1,0,1500,0,,61027,40.684666666666665,62000,0,318124,6357349777983336170,,1500,structured,,,,,,1500,1,,
rust,packstore,packstore.close,populated,1,0,1,0,,252442,252442.0,0,92000,318124,9929646806074584996,,1,structured,,,,,,1500,1,,
rust,packstore,packstore.compact,90-percent-dead,1,0,1500,0,,1126652,751.1013333333333,308000,1364000,323016,9661679980156335085,,150,structured,,,,,,1500,1,,
rust,packstore,packstore.compact,nothing-dead,1,0,1500,0,,339548,226.36533333333333,105000,25000,323016,15046620496757078854,,1500,structured,,,,,,1500,1,,
rust,packstore,packstore.get,hit,1,0,200,0,,1012814,5064.07,1005000,5000,323016,16079223106125108074,,200,structured,,,,,,1500,1,,
rust,packstore,packstore.get,miss,1,0,200,0,,8466,42.33,7000,2000,323016,18244102546136779685,,200,structured,,,,,,1500,1,,
rust,packstore,packstore.get_record,hit,1,0,200,0,,62529,312.645,51000,13000,323016,14205530045397234946,,200,structured,,,,,,1500,1,,
rust,packstore,packstore.has,hit,1,0,200,0,,13586,67.93,12000,3000,323016,18244102546136779685,,200,structured,,,,,,1500,1,,
rust,packstore,packstore.has,miss,1,0,200,0,,5660,28.3,5000,1000,323016,12197969927824375845,,200,structured,,,,,,1500,1,,
rust,packstore,packstore.has_outside,sealed-segment,1,0,200,0,,7444,37.22,6000,2000,323016,13878371768746970021,,200,structured,,,,,,1500,1,,
rust,packstore,packstore.liveness,tenth-live,1,0,1,0,,30558,30558.0,25000,6000,323016,5091943646280952735,,1,structured,,,,,,1500,1,,
rust,packstore,packstore.mark_set_contains,all-keys,1,0,1500,0,,129457,86.30466666666666,126000,0,323016,9120671706275644133,,1500,structured,,,,,,1500,1,,
rust,packstore,packstore.mark_set_mark,all-keys,1,0,1500,0,,68691,45.794,69000,0,323016,17858489613531792426,,1500,structured,,,,,,1500,1,,
rust,packstore,packstore.missing,half-present,1,0,200,0,,100672,503.36,197000,0,323016,2951526793692769562,,200,structured,,,,,,1500,1,,
rust,packstore,packstore.new_mark_set,snapshot,1,0,16,0,,197578,12348.625,198000,0,323016,9521082481390710053,,16,structured,,,,,,1500,1,,
rust,packstore,packstore.oldest_inflight_write,idle,1,0,4096,0,,13145,3.209228515625,13000,0,323016,10333885101303931685,,4096,structured,,,,,,1500,1,,
rust,packstore,packstore.open,empty,1,0,1,0,,13787,13787.0,14000,0,323016,12161962213042174405,,1,structured,,,,,,,1,,
rust,packstore,packstore.open,populated-reopen,1,0,1,0,,253104,253104.0,205000,49000,323016,4768729763816426308,,1,structured,,,,,,1500,1,,
rust,packstore,packstore.put,1MiB-duplicate/sync-off,1,0,2,2097152,payload,550823,275411.5,0,468000,323016,6349179348336612933,1048576,2,duplicate,,,,,,,1,item_bytes,duplicate
rust,packstore,packstore.put,1MiB-random/sync-off,1,0,1,1048576,payload,513962,513962.0,349000,84000,323016,9929646806074584996,1048576,1,random,,,,,,,1,item_bytes,random
rust,packstore,packstore.put,1MiB-text/sync-off,1,0,1,1048576,payload,1963571,1963571.0,1862000,0,323016,9929646806074584996,1048576,1,text,,,,,,,1,item_bytes,text
rust,packstore,packstore.put,4KiB-duplicate/sync-off,1,0,32,131072,payload,126973,3967.90625,41000,7000,323016,2581648123438765349,4096,32,duplicate,,,,,,,1,item_bytes,duplicate
rust,packstore,packstore.put,4KiB-random/already-present,1,0,32,131072,payload,2725,85.15625,3000,0,323016,2581648123438765349,4096,32,random,,,,,,,1,item_bytes,random
rust,packstore,packstore.put,4KiB-random/sync-off,1,0,32,131072,payload,335160,10473.75,206000,50000,323016,2581648123438765349,4096,32,random,,,,,,,1,item_bytes,random
rust,packstore,packstore.put,4KiB-random/sync-on,1,0,32,131072,payload,2934586,91705.8125,577000,139000,323016,2581648123438765349,4096,32,random,,,,,,,1,item_bytes,random
rust,packstore,packstore.put,4KiB-text/sync-off,1,0,32,131072,payload,623761,19492.53125,533000,0,323016,2581648123438765349,4096,32,text,,,,,,,1,item_bytes,text
rust,packstore,packstore.put,empty/sync-off,1,0,800,0,payload,172499,215.62375,95000,0,323016,10562509280327877925,,800,empty,,,,,,,1,item_bytes,empty
rust,packstore,packstore.put,large-8MiB-duplicate/sync-off,1,0,2,16777216,payload,5208950,2604475.0,3087000,981000,323016,6349179348336612933,8388608,2,duplicate,,,,,,,1,item_bytes,duplicate
rust,packstore,packstore.put,large-8MiB-random/sync-off,1,0,1,8388608,payload,6964594,6964594.0,1967000,1676000,323016,9929646806074584996,8388608,1,random,,,,,,,1,item_bytes,random
rust,packstore,packstore.put,large-8MiB-text/sync-off,1,0,1,8388608,payload,14796425,14796425.0,14351000,276000,323016,9929646806074584996,8388608,1,text,,,,,,,1,item_bytes,text
rust,packstore,packstore.put,tiny-64B-duplicate/sync-off,1,0,2048,131072,payload,307317,150.05712890625,204000,0,323016,16542816270746034981,64,2048,duplicate,,,,,,,1,item_bytes,duplicate
rust,packstore,packstore.put,tiny-64B-random/sync-off,1,0,2048,131072,payload,3609846,1762.6201171875,1542000,1986000,323016,16542816270746034981,64,2048,random,,,,,,,1,item_bytes,random
rust,packstore,packstore.put,tiny-64B-text/sync-off,1,0,2048,131072,payload,4792635,2340.15380859375,2876000,1799000,323016,16542816270746034981,64,2048,text,,,,,,,1,item_bytes,text
rust,packstore,packstore.put_verified,already-intact,1,0,25,0,,1307397,52295.88,1245000,56000,323016,3044543500333061412,,25,structured,,,,,,1500,1,,
rust,packstore,packstore.record,by-location,1,0,200,0,,164855,824.275,134000,33000,323016,15985377165977867272,,200,structured,,,,,,1500,1,,
rust,packstore,packstore.remove,one-sealed-segment,1,0,1,0,,96865,96865.0,79000,20000,323016,6349179348336612933,,1,structured,,,,,,1500,1,,
rust,packstore,packstore.scan_index,all-segments,1,0,1500,0,,34827,23.218,29000,7000,323016,13134514555025744798,,1500,structured,,,,,,1500,1,,
rust,packstore,packstore.segments,list,1,0,64,0,,133725,2089.453125,108000,26000,323016,9417667805301567269,,64,structured,,,,,,1500,1,,
rust,packstore,packstore.sort_by_location,scattered,1,0,200,0,,20590,102.95,17000,5000,323016,3876313177264856152,,200,structured,,,,,,1500,1,,
rust,packstore,packstore.stored_size,hit,1,0,200,0,,11142,55.71,9000,2000,323016,6364329638189592637,,200,structured,,,,,,1500,1,,
rust,packstore,packstore.verify,full-scrub,1,0,1500,0,,7243036,4828.690666666666,7225000,0,323016,9929646806074584996,,1500,structured,,,,,,1500,1,,
rust,packstore,packstore.wipe,populated,1,0,1,0,,225431,225431.0,182000,44000,323016,12161962213042174405,,1,structured,,,,,,1500,1,,
rust,packstore,packstore.write_batch,mixed-objects,1,0,1500,13248000,payload,33623109,22415.406,29462000,3042000,323016,16626593026977353223,,1500,structured,,,,,,1500,1,,
rust,packstore,packstore.write_parallel,duplicate-stream/writers-N,4,0,1500,13248000,payload,1287861,858.574,2282000,828000,323016,547706620528103114,,1500,duplicate,,,,,,1500,4,,
rust,packstore,packstore.write_parallel,mixed-objects/writers-1/verify-false,1,0,1500,13248000,payload,33918944,22612.629333333334,26707000,8428000,323016,6357349777983336170,,1500,structured,,,,,,1500,1,,
rust,packstore,packstore.write_parallel,mixed-objects/writers-1/verify-true,1,0,1500,13248000,payload,36143183,24095.455333333335,29153000,7305000,323016,6357349777983336170,,1500,structured,,,,,,1500,1,,
rust,packstore,packstore.write_parallel,mixed-objects/writers-N/verify-false,4,0,1500,13248000,payload,10796113,7197.408666666666,27246000,8758000,323016,6357349777983336170,,1500,structured,,,,,,1500,4,,
rust,packstore,packstore.write_parallel,mixed-objects/writers-N/verify-true,4,0,1500,13248000,payload,12165068,8110.0453333333335,34527000,4067000,323016,6357349777983336170,,1500,structured,,,,,,1500,4,,
rust,reference,reference.decode,signed,1,0,256,81152,encoded,113096,441.78125,82000,32000,323016,9423346386722356261,317,256,structured,,,,,,,1,,
rust,reference,reference.encode,signed,1,0,256,81152,encoded,43974,171.7734375,36000,9000,323016,1558907671059768101,317,256,structured,,,,,,,1,,
rust,reference,reference.signature_payload,signed,1,0,256,0,,42642,166.5703125,35000,9000,323016,5207887851867075365,,256,structured,,,,,,,1,,
rust,reference,reference.validate_name,valid,1,0,256,0,,8527,33.30859375,7000,1000,323016,17539378016686813989,,256,structured,,,,,,,1,,
rust,reference,reference.validate_user,valid,1,0,256,0,,24758,96.7109375,21000,5000,323016,17539378016686813989,,256,structured,,,,,,,1,,
rust,refstore,refstore.all,records,1,0,200,0,,37872,189.36,31000,8000,323016,10212420456999471717,,1,structured,200,,,,,,1,,
rust,refstore,refstore.close,populated,1,0,1,0,,959332,959332.0,0,766000,323016,9929646806074584996,,1,structured,200,,,,,,1,,
rust,refstore,refstore.delete,records,1,0,200,0,,7291649,36458.245,1193000,2972000,323016,18244102546136779685,,200,structured,200,,,,,,1,,
rust,refstore,refstore.get,hit,1,0,200,0,,87286,436.43,70000,18000,323016,15016806640460493221,,200,structured,200,,,,,,1,,
rust,refstore,refstore.get,miss,1,0,200,0,,64423,322.115,52000,13000,323016,18244102546136779685,,200,structured,200,,,,,,1,,
rust,refstore,refstore.open,empty,1,0,1,0,,1240851,1240851.0,10000,986000,323016,9929646806074584996,,1,structured,,,,,,,1,,
rust,refstore,refstore.open,populated-reopen,1,0,1,0,,756205,756205.0,280000,70000,323016,2318966388260340498,,1,structured,200,,,,,,1,,
rust,refstore,refstore.put,records/sync-false,1,0,200,0,,8037233,40186.165,585000,3645000,323016,18244102546136779685,,200,structured,200,,,,,,1,,
rust,refstore,refstore.put,records/sync-true,1,0,200,0,,7910711,39553.555,1664000,2542000,323016,18244102546136779685,,200,structured,200,,,,,,1,,
rust,refstore,refstore.put_batch,records/sync-false,1,0,200,0,,237965,1189.825,163000,0,323016,15903185837530817421,,200,structured,200,,,,,,1,,
rust,refstore,refstore.wipe,records,1,0,1,0,,354938,354938.0,272000,69000,323016,12161962213042174405,,1,structured,200,,,,,,1,,
rust,tar,tarexport.write,fixture-tree,1,0,335,7852032,encoded,1151881,3438.4507462686565,1114000,34000,323016,4482371282425535546,,,tree,335,,,,335,,1,,
rust,tar,tarextract.extract,fixture-tree,1,0,335,7852032,encoded,12334422,36819.17014925373,257000,11990000,323016,4482371282425535546,,,tree,335,,,,335,,1,,
