group,op,workload,threads,n,go_ns_per_op_median,go_ns_per_op_mad,go_variation,rust_ns_per_op_median,rust_ns_per_op_mad,rust_variation,median_ratio_go_over_rust,ratio_ci_low,ratio_ci_high,mann_whitney_u,p_value,p_method,bytes_kind,go_bytes_per_s_median,rust_bytes_per_s_median,go_ops_per_s_median,rust_ops_per_s_median,go_cpu_ns_per_op_median,rust_cpu_ns_per_op_median,item_bytes,items,content,entries,depth,width,shape,files,objects,workers,sweep,series
amberignore,amberignore.descend,8-subdirs,1,7,5091.091796875,79.798828125,0.015674207283785747,3155.873046875,14.326171875,0.004539527307407382,1.6132118501776511,1.5888666973365826,1.657824814958951,49.0,0.0005827505827505828,exact,,,,196421.52212101483,316869.5271155528,5167.96875,3146.484375,,,structured,512,1,,,,,1,,
amberignore,amberignore.ignored,mixed-names,1,7,210.822265625,4.2666015625,0.02023790774589822,118.517578125,2.974609375,0.025098465747103706,1.7788269804386876,1.7108987649869287,1.9483307680059445,49.0,0.0005827505827505828,exact,,,,4743332.00544742,8437566.94846822,214.84375,119.140625,,,structured,1024,,,,,,1,,
amberignore,amberignore.ignored,nil-matcher,1,7,5.078125,0.078125,0.015384615384615385,0.087890625,0.0,0.0,57.77777777777778,52.0,96.4,49.0,0.0018844465241654943,normal,,,,196923076.92307693,11377777777.777779,9.765625,0.0,,,structured,1024,,,,,,1,,
amberignore,amberignore.root,load-root,1,7,7317.265625,64.953125,0.008876693607798336,4281.921875,49.171875,0.01148359928916265,1.7088741547859279,1.697145711639575,1.7843163913499958,49.0,0.0005827505827505828,exact,,,,136663.07214315457,233539.99189908153,7375.0,4281.25,,,structured,64,,,,,,1,,
amberpack,amberpack.decode_payload,mixed-records/producer-go,1,7,15493.556,552.0159999999996,0.035628747848460325,10678.94,71.91799999999967,0.006734563542823507,1.4508514890054631,1.3999394280902975,1.5683617168509159,49.0,0.0005827505827505828,exact,encoded,1299939665.2388902,1886019398.9291072,64542.96224830504,93642.25288277675,17260.0,10656.0,,500,structured,,,,,,500,1,,
amberpack,amberpack.decode_payload,mixed-records/producer-rust,1,7,14521.782,231.86399999999958,0.015966635499692777,9769.742,32.402000000000044,0.0033165665991998603,1.4864038374810715,1.4073822957752844,1.5124481595553885,49.0,0.0005827505827505828,exact,encoded,1384644529.1631565,2058140941.6952875,68862.07216166721,102356.84831800062,16406.0,9724.0,,500,structured,,,,,,500,1,,
amberpack,amberpack.encode_record,1MiB-duplicate,1,7,439512.25,43370.25,0.09867813695750233,259698.75,1337.25,0.0051492354121843095,1.6923926279968617,1.4811937747822999,1.8682071196784973,49.0,0.0005827505827505828,exact,payload,2385771955.1616592,4037662868.9972515,2275.249438439998,3850.615376469852,440250.0,259250.0,1048576,4,duplicate,,,,,,,1,item_bytes,duplicate
amberpack,amberpack.encode_record,1MiB-random,1,7,384344.25,13996.75,0.0364172223208751,258148.25,157.75,0.000611082972671711,1.4888508831650031,1.4530346359153279,1.571418053305846,49.0,0.0005827505827505828,exact,payload,2728220859.2947598,4061914035.830187,2601.834162993202,3873.7430914213055,397750.0,257750.0,1048576,4,random,,,,,,,1,item_bytes,random
amberpack,amberpack.encode_record,1MiB-text,1,7,3175255.5,39623.25,0.012478759583283927,1778019.0,17536.0,0.00986266176008243,1.7858389027338852,1.7357058169415553,1.8153152034006117,49.0,0.0005827505827505828,exact,payload,330233582.77782685,589743979.113834,314.9352863100308,562.4236861360874,3424250.0,1773250.0,1048576,4,text,,,,,,,1,item_bytes,text
amberpack,amberpack.encode_record,4KiB-duplicate,1,7,3492.2373046875,174.494140625,0.049966289630656836,4399.33203125,48.53125,0.011031504250023751,0.793810805795269,0.7493892846723086,0.8981912290653983,0.0,0.0005827505827505828,exact,payload,1172887075.7156427,931050434.680691,286349.3837196393,227307.23502946558,3484.375,4381.8359375,4096,1024,duplicate,,,,,,,1,item_bytes,duplicate
amberpack,amberpack.encode_record,4KiB-random,1,7,3668.3359375,108.8603515625,0.0296756767693117,4500.4326171875,158.37890625,0.035191929248121326,0.8151074017840733,0.7641951989203319,0.8864143701680545,0.0,0.0005827505827505828,exact,payload,1116582578.527815,910134724.4611683,272603.16858589236,222200.8604641524,4616.2109375,4475.5859375,4096,1024,random,,,,,,,1,item_bytes,random
amberpack,amberpack.encode_record,4KiB-text,1,7,24286.892578125,254.744140625,0.01048895571162718,14217.1884765625,7.6611328125,0.0005388641238828357,1.70827675374514,1.6876229106899812,1.7247807759161187,49.0,0.0005827505827505828,exact,payload,168650640.95063496,288101969.4401878,41174.47288833861,70337.39488285835,24995.1171875,14166.015625,4096,1024,text,,,,,,,1,item_bytes,text
amberpack,amberpack.encode_record,empty,1,7,61.997125,0.856624999999994,0.01381717297374667,290.13175,1.3776249999999663,0.004748273844554987,0.2136861098449239,0.21221593014298495,0.22348450130468,0.0,0.0005827505827505828,exact,payload,,,16129780.211582392,3446709.986066675,62.375,289.625,,8000,empty,,,,,,,1,item_bytes,empty
amberpack,amberpack.encode_record,large-8MiB-duplicate,1,7,3810949.5,91479.5,0.024004385258844286,2071953.0,3892.5,0.001878662305563881,1.8393030633416878,1.803960879112199,1.9420639445214927,49.0,0.0005827505827505828,exact,payload,2201185819.9642897,4048647821.644603,262.40179776719685,482.6364304595712,4285500.0,2062500.0,8388608,2,duplicate,,,,,,,1,item_bytes,duplicate
amberpack,amberpack.encode_record,large-8MiB-random,1,7,3667516.0,64293.0,0.017530393868765672,2077288.0,14117.0,0.0067958800127859015,1.7655308267317773,1.7581400160716778,1.9858245273873,49.0,0.0005827505827505828,exact,payload,2287272366.364591,4038249871.9484253,272.66411380345716,481.39689826350514,4087000.0,2061000.0,8388608,1,random,,,,,,,1,item_bytes,random
amberpack,amberpack.encode_record,large-8MiB-text,1,7,25683472.0,313700.0,0.01221408071307493,14086068.0,24727.0,0.001755422450040707,1.8233244365993406,1.8003127903048204,1.9038581194831194,49.0,0.0005827505827505828,exact,payload,326615030.8649859,595525167.1367766,38.93554578602146,70.9921320839854,26385000.0,14025000.0,8388608,1,text,,,,,,,1,item_bytes,text
amberpack,amberpack.encode_record,tiny-64B-duplicate,1,7,513.45703125,4.037841796875,0.00786403058313363,619.009033203125,5.27069091796875,0.008514723752406366,0.8294822913860636,0.7804222665620241,0.8389735285222221,0.0,0.0005827505827505828,exact,payload,124645288.90410438,103391059.85065438,1947582.639126631,1615485.3101664747,512.5732421875,617.12646484375,64,16384,duplicate,,,,,,,1,item_bytes,duplicate
amberpack,amberpack.encode_record,tiny-64B-random,1,7,562.1578369140625,15.207275390625,0.027051611472864244,622.2683715820312,6.18731689453125,0.009943164681182257,0.9034009481871206,0.8525176095245788,0.9334152099498519,0.0,0.0005827505827505828,exact,payload,113847029.77961637,102849514.65119278,1778859.8403065058,1607023.6664248873,560.4248046875,620.361328125,64,16384,random,,,,,,,1,item_bytes,random
amberpack,amberpack.encode_record,tiny-64B-text,1,7,1135.0582885742188,6.97198486328125,0.006142402494623401,1160.9016723632812,0.99188232421875,0.0008544068355070472,0.9777385247999063,0.9714563647480794,0.9875702186768901,5.0,0.011072261072261072,exact,payload,56384769.526146844,55129561.37767753,881012.0238460444,861399.3965262114,1131.4697265625,1156.8603515625,64,16384,text,,,,,,,1,item_bytes,text
amberpack,amberpack.parse_record,corrupt-crc/producer-go,1,7,131.578125,5.3203125,0.04043462771642323,102.0703125,0.1953125,0.0019135093761959434,1.2890929965556832,1.2369690011481056,1.389272030651341,49.0,0.0021407097315851256,normal,,,,7600047.500296877,9797168.00612323,156.25,101.5625,,256,structured,,,,,,,1,,
amberpack,amberpack.parse_record,corrupt-crc/producer-rust,1,7,129.23046875,2.38671875,0.01846869993652329,101.875,0.078125,0.0007668711656441718,1.2685199386503068,1.24498850134151,1.3237145049884882,49.0,0.002116561602570585,normal,,,,7738113.230360003,9815950.9202454,148.4375,105.46875,,256,structured,,,,,,,1,,
amberpack,amberpack.parse_record,mixed-records/producer-go,1,7,723.842,8.538000000000011,0.011795391812025291,2275.006,4.427999999999884,0.001946368493094033,0.31817146855876427,0.29816884212927797,0.32685593915475325,0.0,0.0005827505827505828,exact,encoded,27824702075.867386,8853026321.688822,1381516.9608837287,439559.28028321685,736.0,2272.0,,500,structured,,,,,,500,1,,
amberpack,amberpack.parse_record,mixed-records/producer-rust,1,7,714.264,8.135999999999967,0.011390746278686826,2269.276,0.5219999999999345,0.0002300293133139973,0.3147541330362636,0.31301767691232574,0.3263101116940783,0.0,0.0005827505827505828,exact,encoded,28151364201.471725,8860758233.022339,1400042.5612938632,440669.1825939198,722.0,2266.0,,500,structured,,,,,,500,1,,
amberpack,amberpack.reader_all,mixed-objects/producer-go,1,7,16479.28,129.64799999999923,0.007867334009738243,13581.004,160.36399999999958,0.011807963534949225,1.2134066082301425,1.1929273708410983,1.30140794229716,49.0,0.0005827505827505828,exact,encoded,1222182522.5373924,1483004349.3102572,60682.26281730755,73632.25870487926,16436.0,13548.0,,500,structured,,,,,,500,1,,
amberpack,amberpack.reader_all,mixed-objects/producer-rust,1,7,16054.79,373.9360000000015,0.02329124205299487,12704.71,104.80199999999968,0.00824906668471769,1.2636880338079344,1.2272289427434961,1.364871235567752,49.0,0.0005827505827505828,exact,encoded,1252430333.8754354,1582681226.0964634,62286.70695786118,78710.96624795056,15998.0,12648.0,,500,structured,,,,,,500,1,,
amberpack,amberpack.reader_all,truncated-stream/producer-go,1,7,5268742.71875,289918.9375,0.05502620890336106,3280197.703125,3085.109375,0.0009405254360311447,1.606227183724487,1.459441916089278,1.6310704538155998,49.0,0.0005827505827505828,exact,,,,189.798601560345,304.85967325911895,5672515.625,3266812.5,5035172,64,structured,,,,,,,1,,
amberpack,amberpack.reader_all,truncated-stream/producer-rust,1,7,5068666.90625,36268.8125,0.007155493381361905,3077561.125,3030.671875,0.0009847641531409064,1.6469752184857092,1.6346334417105206,1.666285019754789,49.0,0.0005827505827505828,exact,,,,197.29053388119354,324.9326201441409,5453125.0,3065437.5,5026876,64,structured,,,,,,,1,,
amberpack,amberpack.reader_records,mixed-objects/producer-go,1,7,1472.332,48.53200000000015,0.03296267417946506,2828.544,5.2719999999999345,0.0018638564575979497,0.5205264616707395,0.5120021945985898,0.771871653742253,0.0,0.0005827505827505828,exact,encoded,13679447298.571247,7120514299.9366455,679194.6381658484,353538.78179020726,1562.0,2828.0,,500,structured,,,,,,500,1,,
amberpack,amberpack.reader_records,mixed-objects/producer-rust,1,7,1437.666,16.47199999999998,0.011457459521196147,2815.038,6.994000000000142,0.0024845135305456415,0.5107092692887272,0.503606621044694,0.5375300873368033,0.0,0.0005827505827505828,exact,encoded,13986215157.06708,7142889722.980649,695571.8504854396,355234.99149922666,1456.0,2810.0,,500,structured,,,,,,500,1,,
amberpack,amberpack.writer_add,mixed-objects,1,7,67028.018,804.218000000008,0.011998236319623953,39635.654,73.5,0.0018543909985691165,1.691104125593588,1.658804870541159,1.7119370548839077,49.0,0.0005827505827505828,exact,payload,506057034.23902524,855795138.3872712,14919.134264122205,25229.809504341723,70946.0,39470.0,,500,structured,,,,,,500,1,,
amberpack,amberpack.writer_add_record,pre-encoded-records/producer-go,1,7,29.096,0.44200000000000017,0.015191091558977184,7.594,0.20199999999999996,0.02659994732683697,3.831445878324993,3.711646998460749,5.107305325127107,49.0,0.0005827505827505828,exact,encoded,692215012372.8347,2652184356070.582,34368985.42755018,131682907.55859889,38.0,8.0,,500,structured,,,,,,500,1,,
amberpack,amberpack.writer_add_record,pre-encoded-records/producer-rust,1,7,29.456,0.620000000000001,0.021048343291689333,7.716,0.2999999999999998,0.038880248833592514,3.8175220321410057,3.7268014515292895,4.767624728850325,49.0,0.0005827505827505828,exact,encoded,682628530689.8425,2605949455676.516,33948940.79304726,129600829.44530845,36.0,10.0,,500,structured,,,,,,500,1,,
cbor,cbor.decode_xattrs,xattrs-3,1,7,409.84375,17.375,0.042394205108654215,173.296875,0.625,0.0036065278153457757,2.3649806149129926,2.2329267206838215,2.467466835123184,49.0,0.0005827505827505828,exact,encoded,173236751.81090355,409701559.82328016,2439954.2508577965,5770444.504553242,484.375,187.5,71,64,structured,3,,,,,,1,,
cbor,cbor.decode_xattrs,xattrs-64,1,7,8915.3125,87.984375,0.009868905324406744,5564.84375,36.328125,0.0065281482521409515,1.6020777762178857,1.5641436401415485,1.627749853031765,49.0,0.0005827505827505828,exact,encoded,495551894.5634267,793912677.2427348,112166.56735251848,179699.56479011654,8937.5,5546.875,4418,64,structured,64,,,,,,1,,
cbor,cbor.encode_xattrs,xattrs-3,1,7,444.28125,9.71875,0.021875219807272982,252.5,11.28125,0.044678217821782176,1.759529702970297,1.690176985327982,1.9117047174156194,49.0,0.0005827505827505828,exact,encoded,159808679.74959555,281188118.8118812,2250826.4753464162,3960396.0396039602,500.0,265.625,71,64,structured,3,,,,,,1,,
cbor,cbor.encode_xattrs,xattrs-64,1,7,25172.609375,796.53125,0.03164277640565421,4513.46875,33.34375,0.007387610692995271,5.577220264347682,5.312729384596352,5.788224518438805,49.0,0.0005827505827505828,exact,encoded,175508225.39627957,978848031.2398307,39725.71874066989,221559.08357624055,25156.25,4500.0,4418,64,structured,64,,,,,,1,,
chunkers,chunkers.item_chunker,is_boundary/bits-7,1,7,52.706,0.5509999999999948,0.010454217736121025,32.537,0.02499999999999858,0.0007683560254479079,1.6198789070903896,1.5806501214749207,1.6378202171172,49.0,0.0005827505827505828,exact,,,,18973171.934884075,30734241.01791806,54.0,33.0,32,2000,structured,,,,,,,1,,
chunkers,chunkers.new_item_chunker,bits-4..12,1,7,13.09375,0.056423611111110716,0.004309201803235186,12.95876736111111,0.013020833333333925,0.001004789496600508,1.010416317781425,1.0080637066283,1.0209041640017504,42.0,0.029303676097703832,normal,,,,76372315.03579952,77167833.3389155,15.625,13.45486111111111,,2304,structured,,,,,,,1,,
chunkers,chunkers.split_bytes,compressible/4-16-64KiB,1,7,56308.587890625,141.24609375,0.0025084289811060333,40272.02734375,166.1669921875,0.00412611440613973,1.398205941061564,1.3791080300134073,1.4058537512544964,49.0,0.0005827505827505828,exact,payload,1163872198.8073742,1627333023.008856,17759.280377309788,24831.131332532594,56568.359375,40102.5390625,67108864,1,text,1024,,,,,,1,,
chunkers,chunkers.split_bytes,compressible/default-sizes,1,7,897013.21875,3693.453125,0.00411750133420205,660510.65625,316.703125,0.00047948223394011293,1.3580601770192864,1.3522802324194414,1.3656751154070184,49.0,0.0005827505827505828,exact,payload,1168963821.3595166,1587523214.1646466,1114.8107732386748,1513.9801160475222,904890.625,657843.75,67108864,1,text,64,,,,,,1,,
chunkers,chunkers.split_bytes,random/default-sizes,1,7,49214.239500567535,364.48581157775334,0.0074061047224665555,44528.750283768444,335.1350737797984,0.00752626273237139,1.105223910101673,1.0923326259493107,1.1222094474684976,49.0,0.0005827505827505828,exact,payload,1547794148.4272304,1710659100.7572324,20319.322418635933,22457.400974141387,49631.1010215664,44278.09307604995,67108864,1,random,881,,,,,,1,,
chunkers,chunkers.split_bytes,tiny-64KiB/default-sizes,1,7,49905.0,981.0,0.019657348963029758,22133.0,100.0,0.004518140333438757,2.2547779334026115,2.228502002429915,2.377339632927494,49.0,0.0005827505827505828,exact,payload,1313215108.7065425,2961008448.9224234,20038.07233744114,45181.40333438756,57000.0,22000.0,65536,1,text,1,,,,,,1,,
fstree,fstree.check_complete,incomplete/jobs-1,1,7,32412.0,2174.0,0.0670739232383068,6001.0,210.0,0.03499416763872688,5.401099816697217,4.676356589147287,6.030055658627087,49.0,0.0005827505827505828,exact,,,,30852.770578797976,166638.89351774706,41000.0,7000.0,,,structured,16,,,wide,,,1,,
fstree,fstree.check_complete,widest/jobs-1,1,7,668.5220210149788,4.74267829197413,0.007094273850207047,272.48165536428445,0.32627865961200087,0.0011974334902501765,2.453456986383992,2.4331379697515003,2.4775780884664256,49.0,0.0005827505827505828,exact,,,,1495837.0383697415,3669971.8322801813,695.4318503614278,271.48073626946865,,,structured,40000,,40000,wide,,40257,1,,
fstree,fstree.check_complete,widest/jobs-N,8,7,350.6915319074943,5.411630275480036,0.01543131151768877,129.253545967161,3.1868991728146625,0.024656183696688268,2.7132062744073058,2.563792517382268,2.8170636711212715,49.0,0.0005827505827505828,exact,,,,2851508.830454967,7736731.650318256,849.7900986163897,634.9951561219167,,,structured,40000,,40000,wide,,40257,8,,
fstree,fstree.check_complete,width-16/jobs-1,1,7,1547.6470588235295,180.3529411764705,0.11653363740022799,313.52941176470586,6.470588235294144,0.02063789868667926,4.936210131332083,4.451372477731322,6.203766478342749,49.0,0.0005827505827505828,exact,,,,646142.1512732801,3189493.4333958724,2000.0,352.94117647058823,,,structured,16,,16,wide,,17,1,width,plain
fstree,fstree.check_complete,width-256/jobs-1,1,7,751.5135135135135,13.926640926640971,0.018531457753208514,268.42857142857144,3.057915057915068,0.011391913467485616,2.7996778044675863,2.416604470531682,2.8505914361787257,49.0,0.0005827505827505828,exact,,,,1330648.0615694455,3725385.8435337944,818.5328185328185,270.27027027027026,,,structured,256,,256,wide,,259,1,width,plain
fstree,fstree.check_complete,width-40000/jobs-1,1,7,670.7460069056314,5.328042328042329,0.0079434573939878,273.36021064659565,0.6199667138633913,0.002267947893356338,2.4537075286819348,2.432916183875782,2.483026528089753,49.0,0.0005827505827505828,exact,,,,1490877.3063194577,3658176.8708570967,699.0833892242343,272.2259482822863,,,structured,40000,,40000,wide,,40257,1,width,plain
fstree,fstree.check_complete,width-4096/jobs-1,1,7,661.9437166424066,4.666909267345886,0.0070503113029276344,276.2117903930131,0.9017467248908133,0.003264693095134521,2.396507823581852,2.3771665640061097,2.4591400635162333,49.0,0.0005827505827505828,exact,,,,1510702.4583182458,3620410.260464013,695.536147501213,275.10917030567686,,,structured,4096,,4096,wide,,4122,1,width,plain
fstree,fstree.child_keys,dir-leaf-128,1,7,46672.75,392.9375,0.008418991809996198,29050.171875,95.171875,0.0032761208921418816,1.6066256062383453,1.5834933015740449,1.6231224105461393,49.0,0.0005827505827505828,exact,,,,21425.778425312415,34423.204251696014,46703.125,29031.25,,64,structured,128,,,,,,1,,
fstree,fstree.child_keys,dir-node-128,1,7,21196.265625,247.34375,0.011669213548082246,14180.203125,75.765625,0.005343056395745389,1.4947787022620664,1.4715590524188897,1.5203448825945736,49.0,0.0005827505827505828,exact,,,,47178.12173577156,70520.8515833584,21218.75,14187.5,,64,structured,128,,,,,,1,,
fstree,fstree.child_keys,file-node-1024,1,7,88033.484375,664.390625,0.007547021791956647,71504.25,158.125,0.002211407014268383,1.231164362607817,1.2155470103065442,1.243852207232399,49.0,0.0005827505827505828,exact,,,,11359.314096216585,13985.182698930483,87843.75,71296.875,,64,structured,1024,,,,,,1,,
fstree,fstree.collect_entries,width-16,1,7,677.5,45.0625,0.06651291512915129,242.3125,5.625,0.02321382512251741,2.795976270312097,2.4775779072713453,2.978419206905854,49.0,0.0005827505827505828,exact,,,,1476014.7601476014,4126902.244003095,875.0,250.0,,,structured,16,1,16,wide,,17,1,width,plain
fstree,fstree.collect_entries,width-256,1,7,378.96484375,1.765625,0.004659073339174354,219.7578125,1.453125,0.006612392904120303,1.724465853745245,1.6896889199580567,1.7705833199992889,49.0,0.0005827505827505828,exact,,,,2638767.200948307,4550463.934018273,390.625,222.65625,,,structured,256,1,256,wide,,259,1,width,plain
fstree,fstree.collect_entries,width-40000,1,7,397.111075,2.2239999999999895,0.005600448186946157,221.3363,1.176524999999998,0.005315553752366865,1.7941524955463701,1.730514394418871,1.8217069983300833,49.0,0.0005827505827505828,exact,,,,2518187.134418248,4518011.731469262,395.95,220.4,,,structured,40000,1,40000,wide,,40257,1,width,plain
fstree,fstree.collect_entries,width-4096,1,7,365.48095703125,3.072265625,0.008406089471680216,223.830810546875,0.975830078125,0.004359677185374084,1.6328447193587337,1.62677209919946,1.663307092134871,49.0,0.0005827505827505828,exact,,,,2736120.667196612,4467660.182960283,366.2109375,223.388671875,,,structured,4096,1,4096,wide,,4122,1,width,plain
fstree,fstree.decode_dir_leaf,entries-1024,1,7,350.7823791503906,2.3070831298828125,0.0065769641436113834,215.408447265625,0.0675811767578125,0.0003137350350725876,1.6284522896069762,1.6237400750678566,1.648422009577988,49.0,0.0005827505827505828,exact,encoded,210965356.54595348,343547017.89501005,2850770.3335100277,4642343.476748047,349.91455078125,214.6453857421875,75779,64,structured,1024,,,leaf,,,1,entries,plain
fstree,fstree.decode_dir_leaf,entries-128,1,7,356.189453125,1.4822998046875,0.004161548837795897,212.7586669921875,0.354736328125,0.001667317873062374,1.674147794590569,1.665322340308471,1.6956589868972287,49.0,0.0005827505827505828,exact,encoded,207798474.52143732,347885357.8393488,2807494.6948220367,4700161.051661035,355.8349609375,211.5478515625,9474,64,structured,128,,,leaf,,,1,entries,plain
fstree,fstree.decode_dir_leaf,entries-128-partial-change,1,7,370.9112548828125,2.015625,0.005434251383492869,223.0689697265625,1.39306640625,0.006245003094592754,1.6627649078106865,1.643465577691453,1.6803040049398883,49.0,0.0005827505827505828,exact,encoded,223815330.2364156,372152276.9471719,2696062.701887935,4482918.449956522,371.09375,222.65625,10626,64,partial-change,128,,,leaf,,,1,entries,partial-change
fstree,fstree.decode_dir_leaf,entries-128-with-xattrs,1,7,370.206787109375,0.7545166015625,0.0020380949994295576,223.6719970703125,0.735107421875,0.0032865420414872723,1.6551324795164166,1.6467899590476067,1.7946464406978266,49.0,0.0005827505827505828,exact,encoded,224241229.20111027,371148941.69744277,2701193.0489123017,4470832.348698727,370.9716796875,222.2900390625,10626,64,structured,128,,,leaf,,,1,entries,with-xattrs
fstree,fstree.decode_dir_leaf,entries-8,1,7,374.330078125,2.7578125,0.007367328091329823,215.41015625,2.6015625,0.012077250884033004,1.7377550095203553,1.6896582146701251,1.7776634492806411,49.0,0.0005827505827505828,exact,encoded,198020421.8995393,344110980.1432587,2671439.0812754035,4642306.646114788,386.71875,216.796875,593,64,structured,8,,,leaf,,,1,entries,plain
fstree,fstree.decode_dir_node,pairs-1024,1,7,169.32705688476562,0.9122314453125,0.005387393261865485,99.527587890625,0.3262481689453125,0.003277967203463628,1.7013077526890952,1.6875327973019134,1.7149408416461542,49.0,0.0005827505827505828,exact,encoded,295303837.48138463,502402708.1059203,5905730.710718862,10047465.44344008,168.9453125,99.273681640625,51203,64,structured,1024,,,index,,,1,entries,plain
fstree,fstree.decode_dir_node,pairs-128,1,7,167.4952392578125,1.4835205078125,0.008857090591864712,96.3045654296875,0.4708251953125,0.004888918746601397,1.739224288178754,1.7053954812844243,1.7632491370196288,49.0,0.0005827505827505828,exact,encoded,298609233.4422402,519348431.4771836,5970318.944174749,10383723.715882458,167.236328125,96.19140625,6402,64,structured,128,,,index,,,1,entries,plain
fstree,fstree.decode_dir_node,pairs-8,1,7,187.60546875,1.818359375,0.009692464655298062,85.88671875,0.390625,0.004548142083958703,2.1843361986628462,2.1417726621282696,2.217573603135539,49.0,0.0005827505827505828,exact,encoded,267183042.871718,583617592.2135807,5330335.019884648,11643243.73493428,201.171875,87.890625,401,64,structured,8,,,index,,,1,entries,plain
fstree,fstree.decode_file_node,children-1024,1,7,86.02232360839844,0.4901275634765625,0.005697678729393342,69.02116394042969,0.301483154296875,0.004367981313051704,1.2463180667692304,1.2274020166288013,1.3215908879574418,49.0,0.0005827505827505828,exact,encoded,395280297.7316956,492644976.5009326,11624889.424660567,14488309.714149028,85.968017578125,68.8934326171875,34819,64,structured,1024,,,file-index,,,1,entries,plain
fstree,fstree.decode_file_node,children-128,1,7,87.41552734375,0.89892578125,0.01028336507901043,62.98779296875,0.107666015625,0.0017093155760897372,1.3878169598213939,1.371201714911449,1.4331488714226182,49.0,0.0005827505827505828,exact,encoded,389125662.60955054,540035194.0712719,11439615.253565105,15876092.062729169,87.646484375,63.1103515625,4354,64,structured,128,,,file-index,,,1,entries,plain
fstree,fstree.decode_file_node,children-65536,1,7,89.04858088493347,0.07684159278869629,0.0008629176571380653,69.81736421585083,0.09366774559020996,0.0013416110253120141,1.2754503393973233,1.258411203491461,1.2774208681144752,49.0,0.0005827505827505828,exact,encoded,381814914.4665138,486985962.243275,11229825.226436533,14323084.3964311,88.95421028137207,69.52857971191406,2228229,64,structured,65536,,,file-index,,,1,entries,plain
fstree,fstree.decode_file_node,children-8,1,7,110.54296875,2.23046875,0.020177391427258915,63.109375,0.546875,0.008665511265164644,1.7516093092349592,1.7083359004374346,1.8089249114961803,49.0,0.0005827505827505828,exact,encoded,308703487.7557511,540727902.9462738,9046256.051450582,15845506.313443922,119.140625,64.453125,273,64,structured,8,,,file-index,,,1,entries,plain
fstree,fstree.dir_builder,entries-16,1,7,1363.25,123.375,0.09050064184852374,333.125,10.625,0.03189493433395872,4.092307692307692,3.6900693622060565,6.747932330827068,49.0,0.0005827505827505828,exact,,,,733541.1699981662,3001876.17260788,1562.5,375.0,,,structured,16,1,16,wide,,,1,entries,plain
fstree,fstree.dir_builder,entries-256,1,7,545.609375,4.85546875,0.008899166642801912,334.58203125,1.87890625,0.005615681879210302,1.6307192976311395,1.6247030878859858,1.6674681090524908,49.0,0.0021407097315851256,normal,,,,1832813.0817033707,2988803.661284485,558.59375,335.9375,,,structured,256,1,256,wide,,,1,entries,plain
fstree,fstree.dir_builder,entries-40000,1,7,496.599125,13.494025000000022,0.0271728730895368,332.8849,0.770225000000039,0.002313787738644916,1.4918042993238805,1.4451067157118325,1.513570487958708,49.0,0.0005827505827505828,exact,,,,2013696.6612657644,3004041.336810411,518.875,331.65,,,structured,40000,1,40000,wide,,,1,entries,plain
fstree,fstree.dir_builder,entries-4096,1,7,482.15380859375,5.26611328125,0.010922060942770831,320.113525390625,3.737548828125,0.011675697937362004,1.5061963033439216,1.4869387817243427,1.54717735338875,49.0,0.0005827505827505828,exact,,,,2074026.964375954,3123891.746778677,478.515625,319.82421875,,,structured,4096,1,4096,wide,,,1,entries,plain
fstree,fstree.encode_blob,1MiB-duplicate,1,7,192750.75,1580.5,0.008199708691146468,135028.0,551.0,0.004080635127529105,1.4274872619012353,1.4060032441979478,1.436055971969333,49.0,0.0005827505827505828,exact,payload,5440061841.523314,7765618982.729508,5188.047257922472,7405.871374825962,192500.0,134750.0,1048576,4,duplicate,,,,,,,1,item_bytes,duplicate
fstree,fstree.encode_blob,1MiB-random,1,7,202469.25,10565.0,0.052180763251703656,134101.25,363.25,0.002708774153857626,1.5098237339323832,1.4309892920525555,1.594131742109925,49.0,0.0005827505827505828,exact,payload,5178939517.976187,7819285800.840782,4939.021604515254,7457.05204090193,226750.0,133750.0,1048576,4,random,,,,,,,1,item_bytes,random
fstree,fstree.encode_blob,1MiB-text,1,7,205397.5,13543.5,0.06593799827164401,135251.0,954.5,0.0070572491146091345,1.5186394185625245,1.3719070612232493,1.589751035954027,49.0,0.0005827505827505828,exact,payload,5105105953.090958,7752815136.3021345,4868.608429995496,7393.660675336966,205000.0,134750.0,1048576,4,text,,,,,,,1,item_bytes,text
fstree,fstree.encode_blob,4KiB-duplicate,1,7,1786.146484375,12.19140625,0.006825535507109295,1121.7431640625,2.7001953125,0.0024071422042109755,1.59229540379484,1.5793777994454432,1.68930988765613,49.0,0.0005827505827505828,exact,payload,2293204972.733943,3651459738.043729,559864.4952963728,891469.6626083322,1786.1328125,1118.1640625,4096,1024,duplicate,,,,,,,1,item_bytes,duplicate
fstree,fstree.encode_blob,4KiB-random,1,7,1817.3291015625,18.0234375,0.009917541894037707,1121.10546875,1.8896484375,0.0016855224509848329,1.6210152855545064,1.6091484687254853,1.648015490389251,49.0,0.0005827505827505828,exact,payload,2253857045.7482624,3653536722.6126556,550258.0678096344,891976.7389191054,1817.3828125,1118.1640625,4096,1024,random,,,,,,,1,item_bytes,random
fstree,fstree.encode_blob,4KiB-text,1,7,1915.896484375,78.568359375,0.04100866618617467,1127.1923828125,7.6025390625,0.006744668592889725,1.6997067347053703,1.498427443793759,1.7406826230308952,49.0,0.0005827505827505828,exact,payload,2137902560.7096872,3633807380.5821123,521948.8673607635,887160.0050249298,1914.0625,1119.140625,4096,1024,text,,,,,,,1,item_bytes,text
fstree,fstree.encode_blob,empty,1,7,122.3225,0.41449999999998965,0.00338858345766306,89.968,0.22912500000001046,0.00254673884047673,1.3596223101547218,1.3484702691760555,1.3784601772397231,49.0,0.0005827505827505828,exact,payload,,,8175110.874941241,11115063.1335586,122.25,89.875,,8000,empty,,,,,,,1,item_bytes,empty
fstree,fstree.encode_blob,large-8MiB-duplicate,1,7,1515630.5,6632.5,0.004376066594067618,1099275.0,7174.0,0.006526119487844261,1.3787546337358714,1.3718213520776439,1.4896758646107242,49.0,0.0005827505827505828,exact,payload,5534731585.303938,7631036819.72209,659.7914201383517,909.6904778149235,1515500.0,1096000.0,8388608,2,duplicate,,,,,,,1,item_bytes,duplicate
fstree,fstree.encode_blob,large-8MiB-random,1,7,1528089.0,14227.0,0.009310321584672097,1121603.0,4027.0,0.003590396958638663,1.3624152217852485,1.3488418505444613,1.5446211556460785,49.0,0.0005827505827505828,exact,payload,5489606953.521687,7479124075.09609,654.4121448423489,891.5810674543488,1519000.0,1119000.0,8388608,1,random,,,,,,,1,item_bytes,random
fstree,fstree.encode_blob,large-8MiB-text,1,7,1523721.0,6052.0,0.0039718557399943955,1118667.0,7535.0,0.006735695251580676,1.362086304503485,1.355147513815608,1.3986903022837283,49.0,0.0005827505827505828,exact,payload,5505343826.067896,7498753427.069897,656.2881262383337,893.9210685574885,1528000.0,1116000.0,8388608,1,text,,,,,,,1,item_bytes,text
fstree,fstree.encode_blob,tiny-64B-duplicate,1,7,135.32012939453125,0.14617919921875,0.00108024726160702,107.1572265625,0.634765625,0.005923684714159429,1.2628185119703998,1.2551327911804044,1.3681258004733126,49.0,0.0005827505827505828,exact,payload,472952548.0529614,597253232.9648497,7389883.563327522,9332081.765075777,135.31494140625,106.93359375,64,16384,duplicate,,,,,,,1,item_bytes,duplicate
fstree,fstree.encode_blob,tiny-64B-random,1,7,135.77996826171875,0.65057373046875,0.004791382254669226,107.7479248046875,0.3143310546875,0.0029172817505050013,1.260163186510036,1.2449468807444175,1.2677327246118606,49.0,0.0005827505827505828,exact,payload,471350824.568162,593978957.051948,7364856.633877532,9280921.203936687,135.68115234375,107.2998046875,64,16384,random,,,,,,,1,item_bytes,random
fstree,fstree.encode_blob,tiny-64B-text,1,7,135.43511962890625,0.4482421875,0.0033096451550246983,108.42486572265625,0.5791015625,0.005341040163068351,1.2491149398823373,1.2417653126022932,1.2606442746341302,49.0,0.0005827505827505828,exact,payload,472550991.0233086,590270502.7434189,7383609.2347391965,9222976.60536592,135.498046875,108.2763671875,64,16384,text,,,,,,,1,item_bytes,text
fstree,fstree.encode_dir_leaf,entries-1024,1,7,152.247314453125,1.146148681640625,0.0075282029489821285,50.433868408203125,0.5089263916015625,0.010090964815199166,3.018751471151513,2.9845588085169754,3.1278285614289802,49.0,0.0005827505827505828,exact,encoded,486070509.3769293,1467326065.2649705,6568260.357117086,19827945.615953363,151.79443359375,50.323486328125,75779,64,structured,1024,,,leaf,,,1,entries,plain
fstree,fstree.encode_dir_leaf,entries-128,1,7,165.4356689453125,1.317138671875,0.007961636570106305,59.40673828125,0.4366455078125,0.007350100686310771,2.7847963670735214,2.7196830547149355,2.840455348348478,49.0,0.0005827505827505828,exact,encoded,447398227.18924713,1245912957.7117496,6044645.670279041,16833107.302839763,165.6494140625,59.4482421875,9474,64,structured,128,,,leaf,,,1,entries,plain
fstree,fstree.encode_dir_leaf,entries-128-partial-change,1,7,175.5966796875,0.3167724609375,0.0018039775097185378,68.8045654296875,0.887939453125,0.012905240336593649,2.5521079682851147,2.5302346808953047,2.6382137583343375,49.0,0.0005827505827505828,exact,encoded,472763067.887949,1206542392.6677513,5694868.500814744,14533919.279265214,175.78125,68.603515625,10626,64,partial-change,128,,,leaf,,,1,entries,partial-change
fstree,fstree.encode_dir_leaf,entries-128-with-xattrs,1,7,175.2872314453125,0.3533935546875,0.002016082699085555,69.336669921875,0.2862548828125,0.004128477516082576,2.5280595627510976,2.496676092935241,2.5392134158091153,49.0,0.0005827505827505828,exact,encoded,473597673.4614573,1197283127.2909088,5704922.097032424,14422382.862152865,175.048828125,69.091796875,10626,64,structured,128,,,leaf,,,1,entries,with-xattrs
fstree,fstree.encode_dir_leaf,entries-8,1,7,235.0390625,0.3125,0.001329566229017783,129.701171875,0.724609375,0.005586760431882181,1.812158356799735,1.7871942253709396,1.823779417992619,49.0,0.0005827505827505828,exact,encoded,315373109.5230181,571506015.9320554,4254611.932856905,7710030.569066514,244.140625,130.859375,593,64,structured,8,,,leaf,,,1,entries,plain
fstree,fstree.encode_dir_node,pairs-1024,1,7,65.17486572265625,0.357269287109375,0.005481703462646033,31.644927978515625,0.09844970703125,0.003111073821943582,2.059567516377499,2.036555515080728,2.076536715323879,49.0,0.0005827505827505828,exact,encoded,767211855.8752605,1580124616.5403817,15343338.093788777,31600640.730764817,65.0177001953125,31.585693359375,51203,64,structured,1024,,,index,,,1,entries,plain
fstree,fstree.encode_dir_node,pairs-128,1,7,70.2098388671875,0.7705078125,0.010974356656159426,42.8785400390625,0.032958984375,0.0007686592021317482,1.637412066810719,1.5979461790126746,1.6829899917666398,49.0,0.0005827505827505828,exact,encoded,712373448.0378469,1166448879.8927293,14243018.01762643,23321689.569864005,70.556640625,42.96875,6402,64,structured,128,,,index,,,1,entries,plain
fstree,fstree.encode_dir_node,pairs-8,1,7,133.771484375,2.857421875,0.02136047071878057,90.2109375,0.998046875,0.011063479691694812,1.4828743396553217,1.4431935817805384,1.5314928738752545,49.0,0.0005827505827505828,exact,encoded,374706165.7736053,555642158.1363125,7475434.72865048,11085130.336884039,142.578125,89.84375,401,64,structured,8,,,index,,,1,entries,plain
fstree,fstree.encode_file_node,children-1024,1,7,39.11907958984375,0.1930999755859375,0.004936209583930776,13.527435302734375,0.1096038818359375,0.00810234012457503,2.8918326877480163,2.8618422009968913,3.211936101005189,49.0,0.0005827505827505828,exact,encoded,869215994.957304,2513627226.930947,25562973.630382244,73923842.74037994,39.031982421875,13.48876953125,34819,64,structured,1024,,,file-index,,,1,entries,plain
fstree,fstree.encode_file_node,children-128,1,7,48.076416015625,0.1871337890625,0.0038924238654079557,18.7515869140625,0.032958984375,0.0017576637393970562,2.5638585275985757,2.546551556262374,2.593780768503485,49.0,0.0021407097315851256,normal,encoded,707532462.2564379,1814013136.9089856,20800219.377313744,53328819.82644698,48.9501953125,18.798828125,4354,64,structured,128,,,file-index,,,1,entries,plain
fstree,fstree.encode_file_node,children-65536,1,7,42.44748830795288,0.29775047302246094,0.007014560457907588,12.452049016952515,0.015008211135864258,0.0012052804414302998,3.4088757802160803,3.352440082145235,3.4290530326460273,49.0,0.0005827505827505828,exact,encoded,800991475.5680637,2730480441.223513,23558519.946930334,80308068.06482823,43.019771575927734,12.399673461914062,2228229,64,structured,65536,,,file-index,,,1,entries,plain
fstree,fstree.encode_file_node,children-8,1,7,109.369140625,4.48046875,0.04096648034716145,45.673828125,0.041015625,0.0008980115458627325,2.394569168270259,2.286693634234618,2.6239941790789247,49.0,0.0021407097315851256,normal,encoded,312016715.1811704,747145606.1577934,9143346.965015983,21894376.737224717,115.234375,46.875,273,64,structured,8,,,file-index,,,1,entries,plain
fstree,fstree.encode_xattr_set,xattrs-64,1,7,427.3154296875,2.3017578125,0.005386554410598508,97.1240234375,1.48486328125,0.01528832135136494,4.399688301241768,4.319619270786393,4.52684544703696,49.0,0.0005827505827505828,exact,,,,2340191.648898122,10296113.820320748,427.001953125,96.923828125,,64,structured,64,,,,,,1,,
fstree,fstree.index_builder_file,children-1024,1,7,130.0341796875,0.5478515625,0.004213135068153655,70.3203125,0.0986328125,0.001402621930896567,1.8491695367181424,1.8260851453803215,1.859568609453878,49.0,0.0005827505827505828,exact,,,,7690285.757200255,14220642.150872126,132.8125,71.2890625,,,structured,1024,,1024,file-index,,,1,entries,plain
fstree,fstree.index_builder_file,children-128,1,7,197.015625,5.875,0.029819969862796416,66.53125,0.15625,0.0023485204321277596,2.961249412869892,2.8427835051546393,3.0495537811178957,49.0,0.0020687786216687463,normal,,,,5075739.5511142835,15030530.765617661,218.75,70.3125,,,structured,128,,128,file-index,,,1,entries,plain
fstree,fstree.index_builder_file,children-65536,1,7,118.18719482421875,1.0320892333984375,0.008732665454438413,68.57734680175781,0.1562347412109375,0.002278226681218481,1.7234145142108255,1.7048450304792007,1.7711372720083602,49.0,0.0005827505827505828,exact,,,,8461153.524180958,14582074.79053954,133.331298828125,68.2830810546875,,,structured,65536,,65536,file-index,,,1,entries,plain
fstree,fstree.index_builder_file,children-8,1,7,1219.875,45.125,0.036991495030228506,68.875,2.5,0.036297640653357534,17.711433756805807,16.291032148900168,20.88888888888889,49.0,0.0020687786216687463,normal,,,,819756.1225535403,14519056.261343013,1875.0,125.0,,,structured,8,,8,file-index,,,1,entries,plain
fstree,fstree.list_entries,widest/first-page-100,1,7,1379.685625,13.063906249999945,0.009468755789928554,838.9134375,10.942812499999945,0.013044030540993623,1.6446102342948823,1.591836968185907,1.6723220624411828,49.0,0.0005827505827505828,exact,,,,724802.7970139937,1192018.0978147702,1525.625,835.3125,,64,structured,40000,1,40000,wide,,,1,,
fstree,fstree.list_entries,width-16/full-paging-100,1,7,557.3125,51.375,0.09218346977683077,221.0,3.0625,0.013857466063348416,2.5217760180995477,2.2694140734510793,2.8508025948900593,49.0,0.0005827505827505828,exact,,,,1794325.445777728,4524886.877828054,812.5,250.0,,,structured,16,1,16,wide,,17,1,width,plain
fstree,fstree.list_entries,width-256/full-paging-100,1,7,657.5859375,5.7578125,0.008755984840384456,399.1640625,11.2734375,0.028242616405378427,1.6474076683694439,1.615348482179555,1.7385699899295066,49.0,0.0005827505827505828,exact,,,,1520713.7850328498,2505235.5508582387,667.96875,394.53125,,,structured,256,1,256,wide,,259,1,width,plain
fstree,fstree.list_entries,width-40000/full-paging-100,1,7,1357.24765,5.273650000000089,0.003885547342815505,810.8091,4.211799999999926,0.005194564293863902,1.6739423003515872,1.6060148302333785,1.6833054946827162,49.0,0.0005827505827505828,exact,,,,736785.2138112009,1233335.9356721577,1352.55,807.85,,,structured,40000,1,40000,wide,,40257,1,width,plain
fstree,fstree.list_entries,width-4096/full-paging-100,1,7,1151.498779296875,14.49072265625,0.01258422754481623,690.19775390625,6.601806640625,0.009565094356307813,1.6683606586370952,1.614017444928795,1.7155885462130573,49.0,0.0005827505827505828,exact,,,,868433.3999994488,1448860.1192055324,1152.34375,685.302734375,,,structured,4096,1,4096,wide,,4122,1,width,plain
fstree,fstree.lookup_entry,width-16/hit,1,7,5069.8295,38.31850000000031,0.007558143720612363,2969.067,23.16449999999986,0.007801945863801612,1.7075497117444638,1.657040933158995,1.7911221560333497,49.0,0.0005827505827505828,exact,,,,197245.29197678147,336806.1414579058,5254.5,2957.5,,,structured,16,1,16,wide,,17,1,width,hit
fstree,fstree.lookup_entry,width-16/miss,1,7,5393.3675,92.00550000000021,0.017059008124330522,2972.2125,47.195000000000164,0.015878743528600383,1.8145968701766781,1.750893675894093,1.88232656918427,49.0,0.0005827505827505828,exact,,,,185412.91688356115,336449.69866723864,5373.5,2967.0,,,structured,16,1,16,wide,,17,1,width,miss
fstree,fstree.lookup_entry,width-256/hit,1,7,41831.6835,290.25450000000274,0.006938628229007392,24971.682,138.83000000000175,0.005559497353842715,1.6751648327093065,1.6134655280046468,1.686802448802711,49.0,0.0005827505827505828,exact,,,,23905.3252542418,40045.360180383526,41699.5,24897.0,,,structured,256,1,256,wide,,259,1,width,hit
fstree,fstree.lookup_entry,width-256/miss,1,7,638.9805,3.7870000000000346,0.005926628433888099,212.481,2.158999999999992,0.010160908504760388,3.0072359410959097,2.953687729887329,3.192775399318114,49.0,0.0005827505827505828,exact,,,,1564992.984918945,4706303.151811221,640.0,212.5,,,structured,256,1,256,wide,,259,1,width,miss
fstree,fstree.lookup_entry,width-40000/hit,1,7,103122.2815,390.55250000000524,0.003787275594751123,61830.9675,96.93950000000041,0.0015678147038537026,1.6678096052758675,1.6149420923519464,1.6877570886933815,49.0,0.0005827505827505828,exact,,,,9697.225327583545,16173.125545868257,103945.5,61578.0,,,structured,40000,1,40000,wide,,40257,1,width,hit
fstree,fstree.lookup_entry,width-40000/miss,1,7,639.742,2.3045000000000755,0.00360223340033963,214.7955,2.734999999999985,0.012733041427776584,2.978377107527858,2.9373375227841616,3.0399964956894614,49.0,0.0005827505827505828,exact,,,,1563130.1368364121,4655591.015640458,639.5,215.0,,,structured,40000,1,40000,wide,,40257,1,width,miss
fstree,fstree.lookup_entry,width-4096/hit,1,7,79978.5155,506.1869999999908,0.006329037202497099,48160.3585,158.27249999999913,0.0032863646561102555,1.6606710994478995,1.6052688705168723,1.6777346973947982,49.0,0.0005827505827505828,exact,,,,12503.35785489792,20763.96503568386,79855.5,47986.5,,,structured,4096,1,4096,wide,,4122,1,width,hit
fstree,fstree.lookup_entry,width-4096/miss,1,7,3756.2005,29.45600000000013,0.007841966902459049,2141.9815,23.575000000000273,0.011006164152211527,1.7536101502277215,1.724986186984463,1.8276196252304524,49.0,0.0005827505827505828,exact,,,,266226.4700726173,466857.4401786383,4165.5,2132.0,,,structured,4096,1,4096,wide,,4122,1,width,miss
fstree,fstree.reachable_keys,deep,0,7,5994.375,211.66666666666697,0.03531088172939914,33938.583333333336,268.0,0.007896617173669103,0.17662419615825645,0.15082897948814245,0.18286095225935084,0.0,0.0005827505827505828,exact,,,,166823.06328849963,29464.98945398919,8083.333333333333,62250.0,,,structured,,24,,deep,,,,,
fstree,fstree.reachable_keys,file-corpus,0,7,582.21875,18.296875,0.03142611776072138,2302.359375,186.921875,0.0811870974747372,0.2528791796458796,0.21441496891733858,0.2755118622034449,0.0,0.0005827505827505828,exact,,,,1717567.4950351564,434337.0591309187,812.5,5015.625,,,text,64,,,file-index,,,,,
fstree,fstree.reachable_keys,width-16,0,7,1264.1764705882354,81.3529411764705,0.06435251965939223,6292.0,127.35294117647027,0.020240454732433293,0.20091806589132793,0.19023357677610903,0.22010098123273314,0.0,0.0005827505827505828,exact,,,,791028.8027546415,158931.9771137953,1823.5294117647059,12529.411764705883,,,structured,16,1,16,wide,,17,,width,plain
fstree,fstree.reachable_keys,width-256,0,7,343.4749034749035,1.7413127413126972,0.005069694244604188,699.1737451737451,6.92277992277991,0.009901372828379867,0.49125829716267416,0.4716589654424102,0.5085578483124243,0.0,0.0005827505827505828,exact,,,,2911420.8633093527,1430259.6556332351,552.1235521235521,1270.2702702702702,,,structured,256,1,256,wide,,259,,width,plain
fstree,fstree.reachable_keys,width-40000,0,7,119.95066696475148,1.1665052040638813,0.009724874680410646,101.64932806716844,0.945996969471139,0.009306475384136701,1.1800438748152842,1.158039642079194,1.202712669467841,49.0,0.0005827505827505828,exact,,,,8336760.64755737,9837743.337951178,418.3620239958268,410.58697866209604,,,structured,40000,1,40000,wide,,40257,,width,plain
fstree,fstree.reachable_keys,width-4096,0,7,143.05337214944203,0.9454148471615724,0.006608826013370283,149.22731683648715,1.8568655992236813,0.01244320167773508,0.9586272485632767,0.9448420475349416,1.0014383606740036,10.0,0.07284382284382285,exact,,,,6990397.954096047,6701185.957097453,429.1606016496846,483.98835516739445,,,structured,4096,1,4096,wide,,4122,,width,plain
fstree,fstree.resolve_entry,depth-1,1,7,6202.59375,83.83203125,0.013515641138031973,3453.47265625,12.640625,0.0036602649733228215,1.7960454207664613,1.7499518214859269,1.8102598898727567,49.0,0.0005827505827505828,exact,,,,161222.87551074903,289563.60728388204,6214.84375,3449.21875,,256,structured,,1,16,deep,,,1,depth,plain
fstree,fstree.resolve_entry,depth-12,1,7,15935.32421875,61.71875,0.0038730777706662404,8227.23828125,107.58984375,0.013077273329398866,1.936898345957336,1.9134173688486178,2.0972164358255196,49.0,0.0005827505827505828,exact,,,,62753.665144971994,121547.47022205679,15894.53125,8117.1875,,256,structured,,12,16,deep,,,1,depth,plain
fstree,fstree.resolve_entry,depth-24,1,7,26578.11328125,228.01171875,0.008578927944853591,13571.74609375,180.109375,0.013270906614068117,1.9583414763034532,1.8932789565435764,2.0131259676118605,49.0,0.0005827505827505828,exact,,,,37624.943103296486,73682.48662274308,26539.0625,13550.78125,,256,structured,,24,16,deep,,,1,depth,plain
fstree,fstree.resolve_entry,depth-4,1,7,8933.08203125,128.05859375,0.014335320475287391,4725.12109375,31.9765625,0.006767353019226524,1.890550920073973,1.776029357585625,1.9144022561597025,49.0,0.0005827505827505828,exact,,,,111943.44756958094,211634.7877989238,8917.96875,4718.75,,256,structured,,4,16,deep,,,1,depth,plain
fstree,fstree.resolve_path,depth-1,1,7,893.97265625,9.82421875,0.01098939512446637,470.86328125,1.171875,0.0024887797512879433,1.8985822251350164,1.832680960932134,1.9294023465839443,49.0,0.0005827505827505828,exact,,,,1118602.4460689425,2123758.721099045,906.25,472.65625,,256,structured,,1,16,deep,,,1,depth,plain
fstree,fstree.resolve_path,depth-12,1,7,10181.75390625,161.63671875,0.015875135093451866,5217.8984375,19.09765625,0.003660028357920679,1.951313163375461,1.9251638104744704,2.006611239407983,49.0,0.0005827505827505828,exact,,,,98214.9057232818,191648.0383775197,10160.15625,5210.9375,,256,structured,,12,16,deep,,,1,depth,plain
fstree,fstree.resolve_path,depth-24,1,7,20444.2109375,241.515625,0.011813399193460557,10344.01953125,68.21484375,0.006594616681060803,1.9764281066694258,1.9309442279613493,2.009415661835313,49.0,0.0005827505827505828,exact,,,,48913.60214669572,96674.21808117538,20394.53125,10320.3125,,256,structured,,24,16,deep,,,1,depth,plain
fstree,fstree.resolve_path,depth-4,1,7,3356.87890625,17.01953125,0.005070046232025889,1766.6171875,16.828125,0.009525620558358799,1.9001733539117398,1.8800075345736176,1.9771690935799464,49.0,0.0005827505827505828,exact,,,,297895.76208368776,566053.5893546547,3371.09375,1761.71875,,256,structured,,4,16,deep,,,1,depth,plain
fstree,fstree.write_content,file-corpus,1,7,165.0,4.703125,0.02850378787878788,25576.984375,6093.828125,0.2382543632061784,0.006451112358706284,0.004704552730157451,0.0086867462324687,0.0,0.0005827505827505828,exact,payload,6355006060606.061,40996858137.22909,6060606.060606061,39097.65065882596,265.625,25500.0,67108864,,text,64,,,file-index,,,1,,
gc,gc.close,idle,8,7,331.0,20.0,0.06042296072507553,791.0,201.0,0.25410872313527183,0.41845764854614415,0.3137019230769231,0.70276008492569,0.0,0.002116561602570585,normal,,,,3021148.0362537764,1264222.5031605563,3000.0,2000.0,,1,structured,,,,,5323,30000,8,,
gc,gc.open,populated,8,7,44555.0,4308.0,0.09668948490629559,31551.0,1554.0,0.049253589426642576,1.412158093245856,1.127430108129307,1.5384205087175384,49.0,0.0005827505827505828,exact,,,,22444.17012680956,31694.71649076099,48000.0,32000.0,,1,structured,,,,,5323,30000,8,,
gc,gc.prepare_ref,missing-root,8,7,2522.78125,149.8125,0.05938386453443001,167.046875,13.0,0.0778224674960247,15.102235525208119,14.193457943925234,18.43969976671062,49.0,0.0005827505827505828,exact,,,,396387.91512343765,5986343.653540361,3421.875,187.5,,64,structured,,,,,5323,30000,8,,
gc,gc.prepare_ref,tree-root/abort,8,7,2890772.0,69843.0,0.02416067403447937,1689888.0,60505.0,0.03580414796720256,1.7106293434831183,1.63767253904036,1.8199338451291052,49.0,0.0005827505827505828,exact,,,,345.9283540867284,591.755193243576,7423000.0,8627000.0,,1,structured,,,,,5323,30000,8,,
gc,gc.prepare_ref,tree-root/commit,8,7,2833272.0,34195.0,0.012069084789600152,1713242.0,30799.0,0.017977028347425525,1.6537488574293648,1.6245443771104005,1.8531043720722162,49.0,0.0005827505827505828,exact,,,,352.94881677438667,583.6887024716882,7463000.0,8019000.0,,1,structured,,,,,5323,30000,8,,
gc,gc.release_ref,batch,8,7,6.455078125,0.024169921875,0.0037443267776096825,0.82666015625,0.014404296875,0.017424689899586534,7.80862374483166,5.258964143426295,7.902648158368801,49.0,0.0021407097315851256,normal,,,,154916792.73827535,1209686946.2492616,8.30078125,1.46484375,,4096,structured,,,,,5323,30000,8,,
gc,gc.run,nothing-to-reclaim,8,7,3762828.0,91495.0,0.02431548824447995,1616739.0,37362.0,0.023109481493302258,2.3274183402515805,1.723224975565438,2.399745849983003,49.0,0.0005827505827505828,exact,,,,265.75756319449096,618.5290266394267,3783000.0,1598000.0,,1,structured,,,,,5323,30000,8,,
gc,gc.run,reclaimable-packs,8,7,14911254.0,671634.0,0.04504208700354779,11477595.0,443747.0,0.038662019351615035,1.2991618888800311,1.0748529721949043,1.3982724686479568,47.0,0.002331002331002331,exact,,,,67.0634408078623,87.12626643473655,12401000.0,10192000.0,,1,structured,,,,,5323,30000,8,,
gc,gc.status,mark+score,8,7,5281348.0,147943.0,0.028012355936401084,3799177.0,260238.0,0.06849851954778627,1.390129493835112,1.2840709806708601,1.544899416190782,49.0,0.0005827505827505828,exact,,,,189.34559888876854,263.21490154315,5427000.0,3787000.0,,1,structured,,,,,5323,30000,8,,
gc,gc.why,live-root,8,7,55416.0,4639.0,0.08371228526057456,5731.0,210.0,0.03664281975222474,9.669516663758506,8.71383449147189,11.786599197347758,49.0,0.0021407097315851256,normal,,,,18045.329868629997,174489.61786773687,60000.0,7000.0,,1,structured,,,,,5323,30000,8,,
gc,gc.wipe,store-reset,8,7,6598525.0,577994.0,0.08759442451153857,4930869.0,28374.0,0.005754360945301934,1.338207322076494,1.0628173701472918,1.4543617858012474,49.0,0.0005827505827505828,exact,,,,151.54902042501922,202.8040087862809,6587000.0,4880000.0,,1,structured,,,,,5323,30000,8,,
inbox,inbox.close,drained,8,7,6419063.0,260346.0,0.04055825593236895,6165608.0,461702.0,0.07488345026151516,1.0411078680318309,0.4400320836193896,1.2821046881196347,28.0,0.7103729603729604,exact,,,,155.7859768629783,162.19000624107144,34687000.0,40103000.0,,48,structured,,,,,,1536,8,,
inbox,inbox.commit,packs/duplicate,8,7,19738.958333333332,1398.3125,0.07084023768562593,20646.104166666668,305.1666666666679,0.014780835367447306,0.9560621303655955,0.8525394578074068,1.1250662055406286,13.0,0.1649184149184149,exact,,,,50661.234656506276,48435.28793265073,23041.666666666668,20625.0,,48,structured,,,,,,1536,8,,
inbox,inbox.discard,packs,8,7,17391.145833333332,1279.5208333333358,0.07357311850498652,17893.979166666668,265.2916666666679,0.014825750281461126,0.9718993003931722,0.8732188271841553,1.1342227864613665,16.0,0.3175990675990676,exact,,,,57500.524093318556,55884.71913853705,18687.5,17854.166666666668,,48,structured,,,,,,1536,8,,
inbox,inbox.drain,packs/new,8,7,294965.5416666667,5418.479166666628,0.0183698717350175,236930.5,4760.333333333343,0.020091686521293558,1.2449454235173043,1.1975076055287348,1.2909800203158945,49.0,0.0005827505827505828,exact,payload,957544617.1466639,1192090788.9303684,3390.226513746733,4220.646982976021,1551854.1666666667,1516312.5,,48,structured,,,,,,1536,8,,
inbox,inbox.open,empty,8,7,65946.0,3797.0,0.057577411821793587,103979.0,3738.0,0.03594956673943777,0.6342242183517826,0.5398312466906929,0.6841237922409142,0.0,0.0005827505827505828,exact,,,,15163.921996785248,9617.326575558527,66000.0,173000.0,,1,structured,,,,,,,8,,
inbox,inbox.open,sweeps-staged-tmp-files,8,7,18066.375,546.2291666666679,0.030234574820165522,24607.020833333332,2383.7291666666642,0.09687191240304883,0.7341959484801509,0.6506045329288873,0.8227556865042575,2.0,0.002331002331002331,exact,,,,55351.44709439497,40638.80819921821,18062.5,26187.5,,48,structured,,,,,,1536,8,,
inbox,inbox.stage,packs,8,7,178145.3125,2503.541666666657,0.014053368183160345,181961.54166666666,2955.4375,0.01624209969276933,0.979027276139166,0.9502476054851192,1.0226763011789906,16.0,0.3175990675990676,exact,payload,1585462242.6097608,1552210780.8037276,5613.394963732206,5495.666781236053,89395.83333333333,89583.33333333333,,48,structured,,,,,,1536,8,,
ingest,ingest.dir,single-file/jobs-1,1,7,27805536.0,164564.0,0.0059183897767696335,15929580.0,381549.0,0.023952232262244202,1.7455285073429432,1.6946081414719973,1.8329478038928235,49.0,0.0005827505827505828,exact,included,301688411.9766654,526605723.4402916,35.964061257441685,62.77629416469235,35487000.0,21297000.0,8388608,,text,,,,,1,,1,,
ingest,ingest.dir,tree/fresh-store/jobs-1,1,7,115711.97670486568,1886.9864737929747,0.01630761592299051,20505.45444298328,126.72158557204602,0.00617989647215103,5.642985237250421,5.533520728942874,5.847255515946445,49.0,0.0005827505827505828,exact,included,88927430.91602162,501816179.84571654,8642.14775753589,48767.51221391185,264431.8993049032,37471.538606049224,,,tree,5323,,,,5323,,1,,
ingest,ingest.dir,tree/fresh-store/jobs-N,8,7,91535.43208716888,1363.7266578996932,0.01489834730447354,10463.337215855721,575.0869810257373,0.054962099487176376,8.748206255692473,8.25186405038251,9.430512771678933,49.0,0.0005827505827505828,exact,included,112415144.38670199,983430869.358319,10924.731300199723,95571.80270216659,611864.9257937253,53720.08266015405,,,tree,5323,,,,5323,,8,,
ingest,ingest.dir,tree/incremental-change/jobs-1,1,7,93226.60570249484,746.6891765147302,0.00800940000859377,9885.016882386044,60.07709622960101,0.006077591666702304,9.431102325036376,9.212861816034223,9.530215042310594,49.0,0.0005827505827505828,exact,included,110405854.7052061,1041248913.0078975,10726.551636892204,101163.20608231678,208946.9142749953,19846.933033202025,,,tree,5331,,,,5331,,1,,
ingest,ingest.dir,tree/incremental-change/jobs-N,8,7,88875.9737385106,398.0159444757155,0.004478330056295657,7443.305008441193,103.2961920840371,0.013877731997666693,11.940391215692417,11.511238906094796,12.116852370560416,49.0,0.0005827505827505828,exact,included,115810411.41819024,1382821619.1834836,11251.634811250375,134348.921462433,567540.7990996061,37601.76327143125,,,tree,5331,,,,5331,,8,,
ingest,ingest.dir,tree/unchanged-repeat/jobs-1,1,7,93499.84482434718,444.24779259815114,0.004751321175267553,9759.780199135826,34.851587450686566,0.003570939789583835,9.580117883456644,9.508206715876716,9.660131849612277,49.0,0.0005827505827505828,exact,included,110053325.04999793,1054323827.4453522,10695.204915886683,102461.32388191944,208718.01615630282,19495.209468344918,,,tree,5323,,,,5323,,1,,
ingest,ingest.dir,tree/unchanged-repeat/jobs-N,8,7,87694.23821153484,873.7213977080683,0.009963270284650737,7693.520571106519,178.59590456509522,0.023213807373937873,11.398453724927421,11.046552128333294,11.764742508514088,49.0,0.0005827505827505828,exact,included,117339166.45420788,1337485058.9498446,11403.257732712309,129979.50557974205,557042.0815329702,38028.36746195754,,,tree,5323,,,,5323,,8,,
ingest,ingest.objects,tree/jobs-1,1,7,93454.68307345481,971.0933684012853,0.010391061597608884,9763.458012399024,53.07345481871016,0.005435928003306816,9.571883543184475,9.30033417731674,9.671424466040396,49.0,0.0005827505827505828,exact,included,110106508.05471559,1053926672.446441,10700.373347946683,102422.72755514063,203751.2680819087,17275.032876197634,,,tree,5323,,,,5323,,1,,
ingest,ingest.objects,tree/jobs-N,8,7,87217.47567161375,1324.8664287056163,0.015190378057878304,7152.347736238963,82.51531091489778,0.011536814757595689,12.194244308020286,11.791601326326674,12.397041228929002,49.0,0.0005827505827505828,exact,included,117980585.14467269,1438684078.8573277,11465.592099513895,139814.23119757968,556738.681194815,35613.00018786399,,,tree,5323,,,,5323,,8,,
ingest,ingest.scan,filtered/jobs-1,1,7,2239.9618636107457,34.104076648506634,0.015225293431349752,2645.3445425511927,37.16663535600219,0.014049827823243913,0.8467561890635643,0.800661864243438,0.8702171622567461,0.0,0.0005827505827505828,exact,logical-scanned,4593814288.423264,3889840680.1310315,446436.1720819802,378022.59173226316,2960.172834867556,4860.417058049972,,,tree,5323,,,,5323,,1,,
ingest,ingest.scan,filtered/jobs-N,8,7,973.9590456509487,9.277475108021804,0.009525528973162493,5309.776629720082,453.3665226376097,0.08538335117526592,0.18342749866340297,0.18025551460265438,0.21201844034996553,0.0,0.0005827505827505828,exact,logical-scanned,10565093943.658495,1937928755.229145,1026737.2169962719,188331.83949824973,2816.8326131880517,18255.495021604358,,,tree,5323,,,,5323,,8,,
ingest,ingest.scan,unfiltered/jobs-1,1,7,1310.6307099614748,1.2351862043663004,0.0009424364887670059,1570.122913226931,15.992845349477193,0.010185728273086947,0.8347312805389577,0.8250551300380025,0.8439312792692446,0.0,0.0005827505827505828,exact,logical-scanned,7671518681.882264,6403656613.00612,762991.4303086903,636892.8136618241,2287.1032838011374,3031.9207484865165,,,tree,5451,,,,5451,,1,,
key,key.accessors,type+length+length_size+hash,1,7,12.541375,0.013749999999999929,0.0010963710119504383,8.290875,0.0,0.0,1.5126720641669307,1.5110136143651907,1.515250199767817,49.0,0.0019295145299833823,normal,,,,79736073.59639592,120614531.03562652,13.0,8.375,32,2000,structured,,,,,,,1,,
key,key.new,1MiB-duplicate,1,7,190314.75,591.25,0.0031066956187053288,132570.75,11542.125,0.08706388852744666,1.4355711950034227,1.285656932764231,1.5773623801807217,49.0,0.0005827505827505828,exact,payload,5509693809.859719,7909557726.723278,5254.453477725715,7543.142058108595,190625.0,132375.0,1048576,8,duplicate,,,,,,,1,item_bytes,duplicate
key,key.new,1MiB-random,1,7,192487.625,1421.375,0.007384240934969196,120893.5,393.375,0.003253897025067518,1.5922082245943743,1.4398603166281259,1.8452660654333712,49.0,0.0005827505827505828,exact,payload,5447498248.264011,8673551514.349407,5195.139168037425,8271.743311261565,192375.0,120625.0,1048576,8,random,,,,,,,1,item_bytes,random
key,key.new,1MiB-text,1,7,192216.0,716.375,0.0037269269987930246,122753.25,856.625,0.006978430306325902,1.5658730013258304,1.5546844712907542,1.601077154438969,49.0,0.0005827505827505828,exact,payload,5455196237.5660715,8542144505.338963,5202.48054272277,8146.42382177254,192125.0,122625.0,1048576,8,text,,,,,,,1,item_bytes,text
key,key.new,4KiB-duplicate,1,7,1761.94970703125,2.46533203125,0.0013992068113021768,1069.63134765625,0.57275390625,0.0005354685121233631,1.64724950413242,1.638862928490517,1.6787524928957038,49.0,0.0005827505827505828,exact,payload,2324697455.1285267,3829356730.2183642,567553.089630988,934901.5454634678,1758.30078125,1067.3828125,4096,2048,duplicate,,,,,,,1,item_bytes,duplicate
key,key.new,4KiB-random,1,7,1785.2900390625,7.97412109375,0.004466568971581451,1069.72900390625,0.880859375,0.0008234416116450346,1.66891804610634,1.6604162874791246,1.6992004830719283,49.0,0.0005827505827505828,exact,payload,2294305076.6983,3829007145.775183,560133.0753657959,934816.1976990193,1781.73828125,1066.89453125,4096,2048,random,,,,,,,1,item_bytes,random
key,key.new,4KiB-text,1,7,1798.7880859375,5.4697265625,0.003040784295415913,1073.37353515625,2.7490234375,0.002561106033883933,1.675826752776844,1.6708998049907666,1.7527046230430923,49.0,0.0005827505827505828,exact,payload,2277088686.5559983,3816006139.376027,555929.8551162105,931642.1238711004,1793.45703125,1068.359375,4096,2048,text,,,,,,,1,item_bytes,text
key,key.new,empty,1,7,106.96175,0.6573750000000018,0.006145888600364166,77.513125,1.1622500000000002,0.014994234847324246,1.379917917126938,1.2503802895314804,1.3984059797685795,49.0,0.0005827505827505828,exact,payload,,,9349136.490380907,12901040.952741874,107.0,77.5,,8000,empty,,,,,,,1,item_bytes,empty
key,key.new,large-8MiB-duplicate,1,7,1520790.0,4408.5,0.0028988223226086443,949919.5,2590.0,0.0027265468284417785,1.6009672398555879,1.5878182363630937,1.611843783668676,49.0,0.0021407097315851256,normal,payload,5515954208.01031,8830861983.56808,657.5529823315513,1052.7207831821538,1518500.0,946000.0,8388608,2,duplicate,,,,,,,1,item_bytes,duplicate
key,key.new,large-8MiB-random,1,7,1541775.0,22774.0,0.01477128634204083,952039.0,562.0,0.0005903119515061883,1.619445211803298,1.5955239228645044,1.758724593447871,49.0,0.0005827505827505828,exact,payload,5440876911.352176,8811202062.100397,648.6030711355419,1050.377137911367,1540000.0,949000.0,8388608,1,random,,,,,,,1,item_bytes,random
key,key.new,large-8MiB-text,1,7,1527568.0,4298.0,0.0028136226996114083,953602.0,1203.0,0.0012615325890675566,1.601892613480257,1.5962729979777317,1.609324861717338,49.0,0.0005827505827505828,exact,payload,5491479266.38945,8796760073.90924,654.6353419291318,1048.6555187593985,1527000.0,951000.0,8388608,1,text,,,,,,,1,item_bytes,text
key,key.new,tiny-64B-duplicate,1,7,107.14190673828125,0.267822265625,0.0024996966525826117,82.361328125,0.27093505859375,0.0032895906945860703,1.3008763843107496,1.2836255626466129,1.3072384505064165,49.0,0.0005827505827505828,exact,payload,597338631.9914459,777063719.7941616,9333416.124866342,12141620.621783774,107.0556640625,82.09228515625,64,16384,duplicate,,,,,,,1,item_bytes,duplicate
key,key.new,tiny-64B-random,1,7,107.15472412109375,0.26055908203125,0.0024316154436345386,81.8623046875,0.73321533203125,0.008956690565092393,1.308962953463681,1.290770262029946,1.320067928474077,49.0,0.0005827505827505828,exact,payload,597267180.9380487,781800613.1675951,9332299.702157011,12215634.580743674,107.0556640625,81.54296875,64,16384,random,,,,,,,1,item_bytes,random
key,key.new,tiny-64B-text,1,7,106.7908935546875,0.26544189453125,0.0024856229374587775,81.6458740234375,0.21649169921875,0.002651593871805491,1.3079766103554944,1.2911673793362273,1.3157910089198768,49.0,0.0005827505827505828,exact,payload,599302036.6219304,783873046.439897,9364094.322217662,12248016.35062339,106.87255859375,81.48193359375,64,16384,text,,,,,,,1,item_bytes,text
key,key.new_from_hash,batch,1,7,41.1735,0.40050000000000097,0.009727130314401278,35.3225,0.010000000000005116,0.0002831056691911704,1.165645127043669,1.1538603071261764,1.2204315279612505,49.0,0.002092584662113063,normal,,,,24287466.452936962,28310566.919102553,43.0,35.5,32,2000,structured,,,,,,,1,,
key,key.parse,canonical,1,7,31.976,0.11999999999999744,0.003752814610958139,24.9125,0.0,0.0,1.28353236327145,1.2818701715661682,1.2895735072754642,49.0,0.0019068963159599495,normal,,,,31273455.091318488,40140491.72102358,33.5,25.0,32,2000,structured,,,,,,,1,,
key,key.parse,malformed,1,7,57.326171875,0.5283203125,0.009216040339341078,0.822265625,0.0009765625,0.0011876484560570072,69.71733966745843,67.65777262180974,70.44351961950059,49.0,0.002116561602570585,normal,,,,17444039.385370176,1216152019.0023754,62.5,0.9765625,32,1024,structured,,,,,,,1,,
key,key.string,hex,1,7,87.7925,0.5759999999999934,0.006560924908164061,514.3125,2.605000000000018,0.005065013974966617,0.17069874832908008,0.16876290704029173,0.17710747320098158,0.0,0.0005827505827505828,exact,,,,11390494.632229405,1944343.1765706646,89.5,513.0,32,2000,structured,,,,,,,1,,
key,key.type_string,names,1,7,12.1885,0.03049999999999997,0.002502358780817982,14.3975,0.11500000000000021,0.0079874978294843,0.8465705851710366,0.836607603646998,0.8547523192718361,0.0,0.0005827505827505828,exact,,,,82044550.19075358,69456502.86508074,15.0,14.5,32,2000,structured,,,,,,,1,,
key,key.validate,canonical,1,7,6.6025,0.01499999999999968,0.0022718667171525452,0.882,0.000500000000000056,0.0005668934240363446,7.485827664399093,7.343924191750279,7.501985252410664,49.0,0.0020216780632516117,normal,,,,151457781.14350626,1133786848.0725625,10.0,1.0,32,2000,structured,,,,,,,1,,
packstore,packstore.append_record,pre-encoded+sync,1,7,6663.61,162.17199999999957,0.024336958495470108,7514.094,111.8739999999998,0.01488855476122601,0.8868148309031002,0.8357020771316975,0.9337426149237337,0.0,0.0005827505827505828,exact,payload,5090333918.10145,4514183612.821452,150068.80654780217,133083.24330251923,6410.0,7262.0,,500,structured,,,,,,500,1,,
packstore,packstore.barrier,begin+observe+abort,1,7,53.6311,0.4859000000000009,0.009060041654935305,49.28916666666667,0.39843333333333675,0.008083588347676198,1.088091027440107,1.0776697263157895,1.125375250941007,49.0,0.0005827505827505828,exact,,,,18645897.62283451,20288433.90197305,53.53333333333333,49.166666666666664,,30000,structured,,,,,,30000,1,,
packstore,packstore.close,populated,1,7,1104750.0,24116.0,0.02182937316134872,943623.0,21271.0,0.02254184139216615,1.1707535742558204,0.5141809847410281,1.2138698332148097,35.0,0.20862470862470864,exact,,,,905.1821679112921,1059.7452584347775,385000.0,270000.0,,1,structured,,,,,,30000,1,,
packstore,packstore.compact,90-percent-dead,1,7,469.0677,7.869066666666697,0.016775972139345126,377.7713,10.683433333333312,0.02828016139217911,1.2416710851247832,1.1840124809456518,1.3070296796510648,48.0,0.0011655011655011655,exact,,,,2131888.424634653,2647104.213581074,567.0333333333333,770.7,,3000,structured,,,,,,30000,1,,
packstore,packstore.compact,nothing-dead,1,7,74.9739,1.7540333333333393,0.023395252659036535,39.27903333333333,0.49763333333333293,0.012669184832281166,1.9087511488317348,1.8517902822463697,1.9800471359981848,49.0,0.0005827505827505828,exact,,,,13337974.948615452,25458875.00625864,48.56666666666667,15.4,,30000,structured,,,,,,30000,1,,
packstore,packstore.get,hit,1,7,7108.94,98.67349999999988,0.01388019873567647,4462.4045,91.83050000000003,0.020578703701110028,1.5930738685836303,1.5039616945131005,1.6631603316046386,49.0,0.0005827505827505828,exact,,,,140667.9476827769,224094.4316007211,7089.5,4441.0,,2000,structured,,,,,,30000,1,,
packstore,packstore.get,miss,1,7,54.033,0.11500000000000199,0.002128328984139359,51.168,2.043999999999997,0.039946841776110006,1.0559920262664166,0.9838129168225238,1.1013659311131014,35.0,0.20862470862470864,exact,,,,18507208.557733238,19543464.665415887,57.0,51.5,,2000,structured,,,,,,30000,1,,
packstore,packstore.get_record,hit,1,7,366.305,4.093000000000018,0.0111737486520796,217.0845,6.151499999999999,0.028336891855475627,1.6873844056116398,1.5721548809753194,1.723624934765871,49.0,0.0005827505827505828,exact,,,,2729965.465936856,4606501.155080165,368.5,216.5,,2000,structured,,,,,,30000,1,,
packstore,packstore.has,hit,1,7,92.8425,1.0764999999999958,0.011594905350459065,59.6035,4.1785,0.07010494350164,1.5576685932873071,1.2315152243268859,1.752908805690941,49.0,0.0005827505827505828,exact,,,,10770929.261922073,16777538.231815245,96.0,60.0,,2000,structured,,,,,,30000,1,,
packstore,packstore.has,miss,1,7,50.036,0.2910000000000039,0.005815812614917338,37.246,0.4405000000000001,0.011826773344788705,1.3433925790688932,1.309293865159129,1.3918099565760995,49.0,0.0005827505827505828,exact,,,,19985610.360540412,26848520.646512378,53.0,37.5,,2000,structured,,,,,,30000,1,,
packstore,packstore.has_outside,sealed-segment,1,7,82.638,1.2425000000000068,0.015035455843558735,40.5425,1.3674999999999997,0.03373003638157489,2.0383054819017086,1.882467055420359,2.1216553066572583,49.0,0.0005827505827505828,exact,,,,12100970.497833926,24665474.502065733,86.0,40.5,,2000,structured,,,,,,30000,1,,
packstore,packstore.liveness,tenth-live,1,7,727189.0,19577.0,0.026921474334732787,595438.0,4579.0,0.007690137344274299,1.2212673695666048,1.1823433556033585,1.273524696721698,49.0,0.0005827505827505828,exact,,,,1375.1583151010261,1679.4359782210743,728000.0,595000.0,,1,structured,,,,,,30000,1,,
packstore,packstore.mark_set_contains,all-keys,1,7,128.6364,0.6686333333333465,0.005197854832173059,125.0639,1.3075000000000045,0.010454655580067506,1.028565397368865,1.020124364287823,1.1177299382765928,48.0,0.0011655011655011655,exact,,,,7773849.392551408,7995912.489535349,128.26666666666668,124.33333333333333,,30000,structured,,,,,,30000,1,,
packstore,packstore.mark_set_mark,all-keys,1,7,70.46293333333334,0.4177999999999997,0.0059293586036724705,63.603833333333334,0.31826666666666625,0.005003891274896947,1.1078409844270394,1.1011861833909296,1.2289586601397353,49.0,0.0005827505827505828,exact,,,,14191858.792897258,15722322.815972831,70.8,63.266666666666666,,30000,structured,,,,,,30000,1,,
packstore,packstore.missing,half-present,1,7,84.902,1.8684999999999974,0.022007726555322578,122.549,3.156000000000006,0.025752964120474307,0.6928004308480689,0.6561860648467527,0.7216461601601434,0.0,0.0005827505827505828,exact,,,,11778285.55275494,8160001.305600209,466.5,515.5,,2000,structured,,,,,,30000,1,,
packstore,packstore.new_mark_set,snapshot,1,7,138914.6875,2479.0625,0.017845935117551916,59750.375,184.6875,0.0030909847846143225,2.324917416836296,2.295879764129993,2.603617617041321,49.0,0.0005827505827505828,exact,,,,7198.662848375914,16736.296634121543,138937.5,59687.5,,16,structured,,,,,,30000,1,,
packstore,packstore.oldest_inflight_write,idle,1,7,13.416748046875,0.11474609375,0.00855245200618688,3.206787109375,0.0048828125,0.0015226494099733537,4.183859916254282,4.138654503990878,4.224036627241511,49.0,0.0005827505827505828,exact,,,,74533709.39859885,311838599.1625428,15.13671875,3.41796875,,4096,structured,,,,,,30000,1,,
packstore,packstore.open,empty,1,7,26470.0,1363.0,0.051492255383452964,10089.0,60.0,0.005947071067499257,2.623649519278422,1.9860098522167489,2.743836978131213,49.0,0.0005827505827505828,exact,,,,37778.617302606726,99117.85112498762,31000.0,11000.0,,1,structured,,,,,,,1,,
packstore,packstore.open,populated-reopen,1,7,1131652.0,26762.0,0.023648612824437195,1405865.0,23495.0,0.01671213096563326,0.8049506887218901,0.7759129960261936,0.925110157237359,0.0,0.0005827505827505828,exact,,,,883.6638825363274,711.3058508462761,1154000.0,1404000.0,,1,structured,,,,,,30000,1,,
packstore,packstore.put,1MiB-duplicate/sync-off,1,7,513641.0,9463.0,0.018423373523531027,271078.0,5099.5,0.018811928669976906,1.8948088741985702,1.8424285914628482,2.002614675317503,49.0,0.0005827505827505828,exact,payload,2041456970.9193776,3868170784.792569,1946.8850812143112,3688.975128929681,464500.0,228000.0,1048576,2,duplicate,,,,,,,1,item_bytes,duplicate
packstore,packstore.put,1MiB-random/sync-off,1,7,975724.0,10149.0,0.01040150698353223,522518.0,9157.0,0.017524755128053005,1.8673500243053829,1.8350614308344133,1.9964666153303172,49.0,0.0021407097315851256,normal,payload,1074664556.780401,2006774886.2240152,1024.8799865535746,1913.8096678009179,887000.0,440000.0,1048576,1,random,,,,,,,1,item_bytes,random
packstore,packstore.put,1MiB-text/sync-off,1,7,3733853.0,50156.0,0.013432773063106663,1972558.0,24607.0,0.012474664876774219,1.892898966722398,1.7088344471925727,1.9492151971202605,49.0,0.0005827505827505828,exact,payload,280829480.96778315,531581834.34910405,267.8198632886726,506.9559424868622,3608000.0,1867000.0,1048576,1,text,,,,,,,1,item_bytes,text
packstore,packstore.put,4KiB-duplicate/sync-off,1,7,692.88671875,40.390625,0.05829325906674409,550.03515625,17.53515625,0.031880064484514484,1.2597135126305847,1.1330949159095303,1.3629648331830477,48.0,0.0011655011655011655,exact,payload,5911500233.962307,7446796724.641181,1443237.3618072039,1818065.6066018508,355.46875,242.1875,4096,256,duplicate,,,,,,,1,item_bytes,duplicate
packstore,packstore.put,4KiB-random/already-present,1,7,93.69140625,1.8828125,0.020095893266624976,75.18359375,0.43359375,0.005767132540136125,1.2461682340104951,1.2243797195253505,1.2782940070996032,49.0,0.0005827505827505828,exact,payload,43717990410.67334,54479970904.55656,10673337.502605796,13300774.146620253,117.1875,78.125,4096,256,random,,,,,,,1,item_bytes,random
packstore,packstore.put,4KiB-random/sync-off,1,7,7185.05078125,209.02734375,0.029091978625325043,7572.984375,28.87890625,0.0038134115719735654,0.9487740137123946,0.9335486905292342,0.9955720264095881,8.0,0.03787878787878788,exact,payload,570072519.2769493,540869992.2215276,139177.86115159895,132048.33794470888,6785.15625,7113.28125,4096,256,random,,,,,,,1,item_bytes,random
packstore,packstore.put,4KiB-random/sync-on,1,7,91743.1796875,243.2734375,0.0026516787223709666,91470.90625,303.546875,0.0033185073532602067,1.002976612440636,0.9964962882610919,1.0134777965095343,32.0,0.38286713286713286,exact,payload,44646370.596179366,44779265.5383252,10899.992821332853,10932.437875567675,22480.46875,22335.9375,4096,256,random,,,,,,,1,item_bytes,random
packstore,packstore.put,4KiB-text/sync-off,1,7,26924.79296875,612.5,0.02274855003382541,16155.15625,71.890625,0.004450011122609848,1.666637731761338,1.6249095087625431,1.7751059185158486,49.0,0.0005827505827505828,exact,payload,152127446.4302839,253541342.25721276,37140.48985114353,61899.74176201483,26464.84375,15699.21875,4096,256,text,,,,,,,1,item_bytes,text
packstore,packstore.put,empty/sync-off,1,7,100.78625,0.6599999999999966,0.006548512321869269,87.824,0.7877500000000026,0.008969643833120816,1.1475934824193843,1.1371602580938251,1.171214618944351,49.0,0.0005827505827505828,exact,payload,,,9921988.36646864,11386409.182000365,89.0,77.125,,8000,empty,,,,,,,1,item_bytes,empty
packstore,packstore.put,large-8MiB-duplicate/sync-off,1,7,3279540.0,44801.0,0.013660757301328845,1575529.5,34596.0,0.02195833210358803,2.0815478224939614,1.9456537396876812,2.1879962668548125,49.0,0.0005827505827505828,exact,payload,2557861163.4558506,5324310335.033397,304.9208120651067,634.7072523872133,3245500.0,1524000.0,8388608,2,duplicate,,,,,,,1,item_bytes,duplicate
packstore,packstore.put,large-8MiB-random/sync-off,1,7,6677946.0,90483.0,0.013549525557708912,3099020.0,49614.0,0.016009577221186053,2.1548573419984383,2.0840449561474275,2.204025636468217,49.0,0.0005827505827505828,exact,payload,1256165892.9257588,2706858297.139096,149.74664365360246,322.68265451658914,7409000.0,2972000.0,8388608,1,random,,,,,,,1,item_bytes,random
packstore,packstore.put,large-8MiB-text/sync-off,1,7,26764887.0,161608.0,0.006038060239148404,14494137.0,77608.0,0.005354440902552529,1.8466009394005314,1.7876605075913456,1.9193456053690792,49.0,0.0005827505827505828,exact,payload,313418397.7686885,578758707.7450696,37.36238453014952,68.99341437161799,26588000.0,14246000.0,8388608,1,text,,,,,,,1,item_bytes,text
packstore,packstore.put,tiny-64B-duplicate/sync-off,1,7,92.0269775390625,0.80596923828125,0.008757967063942114,82.9085693359375,0.736328125,0.008881206501302292,1.109981492578627,1.0666199929204347,1.12702914162183,42.0,0.026223776223776224,exact,payload,695448244.758816,771934680.728577,10866378.8243565,12061479.386384016,86.0595703125,77.20947265625,64,16384,duplicate,,,,,,,1,item_bytes,duplicate
packstore,packstore.put,tiny-64B-random/sync-off,1,7,1702.8512573242188,13.97930908203125,0.00820935417694537,1652.5152587890625,3.54315185546875,0.0021440963020608454,1.0304602322232363,1.021026020068368,1.0511497054323529,49.0,0.0005827505827505828,exact,payload,37584022.51795416,38728840.57173439,587250.3518430338,605138.1339333499,1692.5048828125,1635.92529296875,64,16384,random,,,,,,,1,item_bytes,random
packstore,packstore.put,tiny-64B-text/sync-off,1,7,2316.6072387695312,10.2423095703125,0.0044212542371890005,2213.8823852539062,0.7723388671875,0.0003488617427609741,1.0464003210829305,1.0417549062990836,1.0685749468491768,49.0,0.0005827505827505828,exact,payload,27626607.96743158,28908491.447552644,431665.7494911184,451695.17886801006,2304.5654296875,2195.49560546875,64,16384,text,,,,,,,1,item_bytes,text
packstore,packstore.put_verified,already-intact,1,7,87898.628,1071.80799999999,0.012193682932115733,53310.116,288.4720000000016,0.005411205633092255,1.648817046280672,1.6051691037241584,1.7104110925111038,49.0,0.0005827505827505828,exact,,,,11376.741853126536,18758.165898569794,87572.0,53084.0,,250,structured,,,,,,30000,1,,
packstore,packstore.record,by-location,1,7,461.4665,89.68599999999998,0.19434996906601015,594.8715,35.77350000000001,0.060136516878014856,0.7757414836649597,0.5898096393375037,1.3322575419089684,14.0,0.20862470862470864,exact,,,,2167004.5387910064,1681035.316030437,465.0,594.0,,2000,structured,,,,,,30000,1,,
packstore,packstore.remove,one-sealed-segment,1,7,819035.0,86986.0,0.10620547351456287,627218.0,7024.0,0.011198658201773546,1.305821899243963,1.149665080164488,1.5118960533396926,47.0,0.002331002331002331,exact,,,,1220.9490436916615,1594.3419991135459,824000.0,625000.0,,1,structured,,,,,,30000,1,,
packstore,packstore.scan_index,all-segments,1,7,29.3003,0.3339666666666652,0.01139806304599834,23.935733333333335,0.08883333333333354,0.0037113269978498063,1.2241237647478247,1.2011619664089606,1.2321433813200038,49.0,0.0005827505827505828,exact,,,,34129343.385562606,41778540.31350616,29.4,23.9,,30000,structured,,,,,,30000,1,,
packstore,packstore.segments,list,1,7,7123.921875,22.859375,0.0032088188782951805,6098.671875,25.65625,0.0042068585629555615,1.1681103723915298,1.1517481191123475,1.1761120530626001,49.0,0.0005827505827505828,exact,,,,140372.11771079394,163970.1266925432,7250.0,6093.75,,64,structured,,,,,,30000,1,,
packstore,packstore.sort_by_location,scattered,1,7,190.4135,7.484000000000009,0.039303935907905735,90.8435,2.064000000000007,0.022720392763378856,2.09606080787288,1.865130407250564,2.23308160752141,49.0,0.0005827505827505828,exact,,,,5251728.475134378,11007942.230319176,193.5,91.0,,2000,structured,,,,,,30000,1,,
packstore,packstore.stored_size,hit,1,7,95.728,1.8934999999999889,0.019780001671402193,53.372,5.505499999999998,0.10315333882934868,1.7935996402608108,1.431568756476292,2.0174756875894415,49.0,0.0005827505827505828,exact,,,,10446264.415844893,18736416.098328713,97.5,53.5,,2000,structured,,,,,,30000,1,,
packstore,packstore.verify,full-scrub,1,7,9258.317833333333,52.66696666666576,0.005688610783812735,5898.2308,17.243566666666084,0.0029235150761930313,1.569677102722622,1.5364327287200796,1.5893371083579213,49.0,0.0005827505827505828,exact,,,,108010.98190857457,169542.36514447688,9273.966666666667,5876.366666666667,,30000,structured,,,,,,30000,1,,
packstore,packstore.wipe,populated,1,7,5209552.0,834835.0,0.16025082387122733,3836589.0,64804.0,0.016891045665824514,1.3578603285366246,1.0754711946167514,1.5091092620135511,49.0,0.0005827505827505828,exact,,,,191.95508558125536,260.6481955716393,6222000.0,3827000.0,,1,structured,,,,,,30000,1,,
packstore,packstore.write_batch,mixed-objects,1,7,32065.64125,256.11175000000003,0.007987108319563079,21105.528,70.6885000000002,0.00334928839496459,1.5193005950857994,1.4884535667341334,1.5339242595866238,49.0,0.0005827505827505828,exact,payload,275435003.19052565,418468564.25482464,31186.028440956252,47380.951568707496,32018.25,20749.5,,8000,structured,,,,,,8000,1,,
packstore,packstore.write_parallel,duplicate-stream/writers-N,8,7,327.84,10.979749999999967,0.033491184724255635,1188.99125,4.477374999999938,0.0037656921360858945,0.2757295312307807,0.26576968281244595,0.2930878528444356,0.0,0.0005827505827505828,exact,payload,26939970717.423134,7428145497.286039,3050268.4236212787,841049.0825731476,573.0,3127.625,,8000,duplicate,,,,,,8000,8,,
packstore,packstore.write_parallel,mixed-objects/writers-1/verify-false,1,7,32445.20625,62.9173750000009,0.0019391886282122464,21616.050875,83.27774999999747,0.003852588545501259,1.5009775114623012,1.4908091722387167,1.5159325383713909,49.0,0.0005827505827505828,exact,payload,272212786.44206494,408585270.78202945,30821.194117081624,46261.9192461537,33507.0,22657.875,,8000,structured,,,,,,8000,1,,
packstore,packstore.write_parallel,mixed-objects/writers-1/verify-true,1,7,35095.050625,114.3807500000039,0.0032591703947714105,23241.56825,105.0691250000018,0.004520741624223305,1.5100121578499766,1.4986959072137083,1.5262895202272333,49.0,0.0005827505827505828,exact,payload,251659417.57350007,380008780.17342913,28494.04637381115,43026.35645079587,35946.125,24269.125,,8000,structured,,,,,,8000,1,,
packstore,packstore.write_parallel,mixed-objects/writers-N/verify-false,8,7,9124.97325,91.90937500000109,0.010072289800959262,5456.1225,13.64850000000024,0.0025015017533056194,1.6724282216904034,1.578042113216799,1.7019827893947481,49.0,0.0005827505827505828,exact,payload,967893248.344591,1618731984.1150928,109589.36235785678,183280.34240433568,35329.375,25846.625,,8000,structured,,,,,,8000,8,,
packstore,packstore.write_parallel,mixed-objects/writers-N/verify-true,8,7,9517.072625,202.65487500000017,0.02129382458085426,5515.142875,36.73399999999947,0.006660570874149742,1.7256257617804691,1.6207500178687708,1.7950459136412729,49.0,0.0005827505827505828,exact,payload,928016455.0598876,1601409102.2075288,105074.32688630975,181318.96537675825,37910.75,27534.625,,8000,structured,,,,,,8000,8,,
reference,reference.decode,signed,1,7,863.015625,13.42578125,0.015556822913837741,430.94140625,17.57421875,0.040780993645815396,2.0026286926333157,1.8840430726529773,2.120249097541154,49.0,0.0005827505827505828,exact,encoded,367316640.4142451,735598843.3752414,1158727.572284685,2320501.083202654,878.90625,433.59375,317,256,structured,,,,,,,1,,
reference,reference.encode,signed,1,7,277.796875,14.67578125,0.05282918049384105,167.859375,1.80078125,0.010727915852182817,1.6549380992274039,1.564559960978329,1.7899044681062792,49.0,0.0005827505827505828,exact,encoded,1141121547.8935823,1888485525.4584382,3599752.517014455,5957367.588196966,292.96875,167.96875,317,256,structured,,,,,,,1,,
reference,reference.signature_payload,signed,1,7,267.54296875,20.15625,0.07533836562468062,171.6953125,1.48828125,0.008668153069117715,1.5582427082859354,1.5145596030224429,1.7009834261742658,49.0,0.0005827505827505828,exact,,,,3737717.36432524,5824270.82859353,273.4375,175.78125,,256,structured,,,,,,,1,,
reference,reference.validate_name,valid,1,7,57.0234375,0.9375,0.016440608302507192,29.51171875,0.12109375,0.004103242885506287,1.9322303110522832,1.9060023863166158,1.9920255183413078,49.0,0.0005827505827505828,exact,,,,17536648.856007673,33884844.47385837,82.03125,31.25,,256,structured,,,,,,,1,,
reference,reference.validate_user,valid,1,7,75.10546875,5.16796875,0.06880948665938524,90.09375,2.38671875,0.026491501907735,0.833636836628512,0.6771720613287905,0.9259341736070904,4.0,0.006993006993006993,exact,,,,13314609.663494045,11099549.080818592,101.5625,93.75,,256,structured,,,,,,,1,,
refstore,refstore.all,records,1,7,108.4852,4.3382000000000005,0.039988864840549684,161.5106,3.7931999999999846,0.02348576502099543,0.671690898306365,0.6455108561772214,0.7958530277024113,0.0,0.0005827505827505828,exact,,,,9217847.227087198,6191544.084413036,110.6,161.2,,1,structured,5000,,,,,,1,,
refstore,refstore.close,populated,1,7,133355.0,2455.0,0.018409508454876083,920308.0,6342.0,0.006891171216592706,0.14490257609409024,0.14091724314629772,0.15726519761559868,0.0,0.0005827505827505828,exact,,,,7498.781448014697,1086.592749383902,79000.0,706000.0,,1,structured,5000,,,,,,1,,
refstore,refstore.delete,records,1,7,1687.7902,24.577199999999948,0.01456176247498057,39646.8954,171.73199999999633,0.004331537142249891,0.04257055143843621,0.04176972207736121,0.045498691034038176,0.0,0.0005827505827505828,exact,,,,592490.7017471722,25222.65589552316,1712.6,23495.8,,5000,structured,5000,,,,,,1,,
refstore,refstore.get,hit,1,7,1025.7095,9.768500000000131,0.00952365167720503,559.3935,1.8840000000000146,0.0033679333063398385,1.8336099722288512,1.8023737392935535,1.8702265778407408,49.0,0.0005827505827505828,exact,,,,974934.9109080106,1787650.374914975,1024.0,556.5,,2000,structured,5000,,,,,,1,,
refstore,refstore.get,miss,1,7,209.991,5.0645000000000095,0.024117700282393097,345.2595,2.40949999999998,0.00697880869317131,0.6082120839542432,0.5914519795006525,0.686661177920057,0.0,0.0005827505827505828,exact,,,,4762108.852284146,2896372.149064689,211.5,344.0,,2000,structured,5000,,,,,,1,,
refstore,refstore.open,empty,1,7,748920.0,12875.0,0.01719142231479998,1270857.0,6984.0,0.0054955042148723265,0.5893031237975633,0.5767934023099436,0.6077937475745723,0.0,0.0005827505827505828,exact,,,,1335.2561021203867,786.8705920493022,405000.0,982000.0,,1,structured,,,,,,,1,,
refstore,refstore.open,populated-reopen,1,7,2456282.0,45517.0,0.01853085272782197,903826.0,7524.0,0.008324611153031668,2.7176491935394647,2.6288534179455634,2.778121360231213,49.0,0.0005827505827505828,exact,,,,407.11937798672955,1106.407649259924,2118000.0,355000.0,,1,structured,5000,,,,,,1,,
refstore,refstore.put,records/sync-false,1,7,476.5704,23.326599999999985,0.048946808278483064,43839.8086,95.83920000000217,0.002186122683026544,0.01087072264270789,0.01011991906945321,0.011026546183853387,0.0,0.0005827505827505828,exact,,,,2098325.8716865336,22810.31856512257,607.0,25241.4,,5000,structured,5000,,,,,,1,,
refstore,refstore.put,records/sync-true,1,7,60237.6854,173.86160000000382,0.002886259637061085,43995.316,82.79200000000128,0.001881836693706241,1.3691840604122494,1.3535907971272938,1.3794593645169246,49.0,0.0005827505827505828,exact,,,,16600.903460344445,22729.692406346167,11401.6,25288.6,,5000,structured,5000,,,,,,1,,
refstore,refstore.put_batch,records/sync-false,1,7,115.5788,2.3225999999999942,0.02009538081378241,904.2672,1.6112000000000535,0.0017817742366416183,0.12781487595701801,0.12263257408499859,0.1282885452082607,0.0,0.0005827505827505828,exact,,,,8652105.749497313,1105867.8231390014,116.8,861.2,,5000,structured,5000,,,,,,1,,
refstore,refstore.wipe,records,1,7,1168963.0,36059.0,0.030846998579082487,16436949.0,437346.0,0.026607492667891103,0.07111800371224611,0.06799821394900221,0.0812478284617437,0.0,0.0005827505827505828,exact,,,,855.4590692776418,60.83854126456193,1209000.0,16288000.0,,1,structured,5000,,,,,,1,,
tar,tarexport.write,fixture-tree,1,7,2357.4414803682134,3.497088108209482,0.0014834252036929735,2266.825098628593,8.635731730227235,0.003809615367084019,1.0399750213611285,1.0290988206612088,1.0452957162117351,49.0,0.0005827505827505828,exact,encoded,5123647216.224902,5328465123.14038,424188.68435445026,441145.6360726684,2355.814390381364,2259.440165320308,,,tree,5323,,,,5323,,1,,
tar,tarextract.extract,fixture-tree,1,7,39362.652827353,249.55983467969054,0.006340015643109097,32263.743377794475,90.12906255870621,0.00279350915680595,1.2200274582658734,1.2115209708678485,1.3736632400976985,49.0,0.0005827505827505828,exact,encoded,306856820.1254021,374373746.3091426,25404.79180572664,30994.54357451436,39714.25887657336,31969.002442231824,,,tree,5323,,,,5323,,1,,
